,,,,REFRACTIVE INDICES,,,,REFRACTIVE INDICES,,,,REFRACTIVE INDICES,,,,REFRACTIVE INDICES,,,,REFRACTIVE INDICES,,,,ABBE NUMBER,,ABBE NUMBER,,DISPERSIONS,,,PARTIAL DISPERSIONS,,,,,,PARTIAL DISPERSIONS,,,,,,RELATIVE PARTIAL DISPERSIONS,,,,,,RELATIVE PARTIAL DISPERSIONS,,,,,,DEVIATION OF RELATIVE PARTIAL DISPERSIONS,,,,,CONSTANTS  OF DISPERSION FORMULA (Sellmeier),,,,,,CONSTANTS  OF DISPERSION FORMULA (Cauchy),,,,,,COLORING,,,INTERNAL  TRANSMISSION COLORING,,CCI,,,INTERNAL  TRANSMISSION  (É—Å^10mm Thick) ,,,,,,,,,INTERNAL  TRANSMISSION  (É—Å^10mm Thick) ,,,,,,,,INTERNAL  TRANSMISSION  (É—Å^10mm Thick) ,,,,,,,,INTERNAL  TRANSMISSION  (É—Å^10mm Thick) ,,,,,,,É¢n/É¢T  relative   (10-6 K-1),,,,,,,,,,,,,É¢n/É¢T  relative   (10-6 K-1),,,,,,,,,,,,,É¢n/É¢T  relative   (10-6 K-1),,,,,,,,,,,,,É¢n/É¢T  relative   (10-6 K-1),,,,,,,,,,,,,É¢n/É¢T  relative   (10-6 K-1),,,,,,,,,,,,,É¢n/É¢T  relative   (10-6 K-1),,,,,,,,,,,,,É¢n/É¢T  relative   (10-6 K-1),,,,,,,,,,,,,É¢n/É¢T  relative   (10-6 K-1),,,,,,,,,,,,,É¢n/É¢T  relative   (10-6 K-1),,,,,,,,,,,,,É¢n/É¢T  relative   (10-6 K-1),,,,,,,,,,,,,É¢n/É¢T  relative   (10-6 K-1),,,,,,,,,,,,,É¢n/É¢T  relative   (10-6 K-1),,,,,,,,,,,,,CONSTANTS OF É¢n/É¢T,,,,,,THERMAL PROPERTIES,,,,,CTE Éø(10-7 K-1),,,,,,,,,,,,,,,,,,,,,,,,,,,,,,,,,,,,,,,,,,CONDUCTIVITY,MECHANICAL PROPERTIES,,,,,,,CHEMICAL PROPERTIES,,,,,,SPEC. GRAVITY,,,
,Glass ,Code(d),Code(e),n2325,n1970,n1530,n1129,nt,ns,nA',nr,nC,nC',nHe-Ne,nD,nd,ne,nF,nF',nHe-Cd,ng,nh,ni,ÉÀd,ÉÀe,ÉÀd,ÉÀe,nF-nC,nF-nC,nF'-nC',nC-nt,nC-nA',nd-nC,ne-nC,ng-nd,ng-nF,nh-ng,ni-ng,nC'-nt,ne-nC',nF'-ne,ni-nF',"É∆C,t","É∆C,A'","É∆d,C","É∆e,C","É∆g,d","É∆g,F","É∆h,g","É∆i,g","É∆'C',t","É∆'e,C'","É∆'F',e","É∆'i,F'","É¢É∆C,t","É¢É∆C,A'","É¢É∆g,d","É¢É∆g,F","É¢É∆i,g",A1,A2,A3,B1,B2,B3,A0,A1,A2,A3,A4,A5,É…80,(É…70),É…5,É…0.80,É…0.05,B,G,R,280,290,300,310,320,330,340,350,360,370,380,390,400,420,440,460,480,500,550,600,650,700,800,900,1000,1200,1400,1600,1800,2000,2200,2400,1550(-80~-60),1550(-60~-40),1550(-40~-20),1550(-20~0),1550(0~20),1550(20~40),1550(40~60),1550(60~80),1550(80~100),1550(100~120),1550(120~140),1550(140~160),1550(160~180),t(-80~-60),t(-60~-40),t(-40~-20),t(-20~0),t(0~20),t(20~40),t(40~60),t(60~80),t(80~100),t(100~120),t(120~140),t(140~160),t(160~180),r(-80~-60),r(-60~-40),r(-40~-20),r(-20~0),r(0~20),r(20~40),r(40~60),r(60~80),r(80~100),r(100~120),r(120~140),r(140~160),r(160~180),C(-80~-60),C(-60~-40),C(-40~-20),C(-20~0),C(0~20),C(20~40),C(40~60),C(60~80),C(80~100),C(100~120),C(120~140),C(140~160),C(160~180),C'(-80~-60),C'(-60~-40),C'(-40~-20),C'(-20~0),C'(0~20),C'(20~40),C'(40~60),C'(60~80),C'(80~100),C'(100~120),C'(120~140),C'(140~160),C'(160~180),d(-80~-60),d(-60~-40),d(-40~-20),d(-20~0),d(0~20),d(20~40),d(40~60),d(60~80),d(80~100),d(100~120),d(120~140),d(140~160),d(160~180),e(-80~-60),e(-60~-40),e(-40~-20),e(-20~0),e(0~20),e(20~40),e(40~60),e(60~80),e(80~100),e(100~120),e(120~140),e(140~160),e(160~180),F(-80~-60),F(-60~-40),F(-40~-20),F(-20~0),F(0~20),F(20~40),F(40~60),F(60~80),F(80~100),F(100~120),F(120~140),F(140~160),F(160~180),F'(-80~-60),F'(-60~-40),F'(-40~-20),F'(-20~0),F'(0~20),F'(20~40),F'(40~60),F'(60~80),F'(80~100),F'(100~120),F'(120~140),F'(140~160),F'(160~180),g(-80~-60),g(-60~-40),g(-40~-20),g(-20~0),g(0~20),g(20~40),g(40~60),g(60~80),g(80~100),g(100~120),g(120~140),g(140~160),g(160~180),h(-80~-60),h(-60~-40),h(-40~-20),h(-20~0),h(0~20),h(20~40),h(40~60),h(60~80),h(80~100),h(100~120),h(120~140),h(140~160),h(160~180),i(-80~-60),i(-60~-40),i(-40~-20),i(-20~0),i(0~20),i(20~40),i(40~60),i(60~80),i(80~100),i(100~120),i(120~140),i(140~160),i(160~180), D0, D1, D2, E0, E1,É…TK,StPÅiÅéÅj,APÅiÅéÅj,TgÅiÅéÅj,AtÅiÅéÅj,SPÅiÅéÅj,(-30~70),(100~300),(-100Å`-90),(-90Å`-80),(-80Å`-70),(-70Å`-60),(-60Å`-50),(-50Å`-40),(-40Å`-30),(-30Å`-20),(-20Å`-10),(-10Å`0),(0Å`10),(10Å`20),(20Å`30),(30Å`40),(40Å`50),(50Å`60),(60Å`70),(70Å`80),(80Å`90),(90Å`100),(100Å`110),(110Å`120),(120Å`130),(130Å`140),(140Å`150),(150Å`160),(160Å`170),(170Å`180),(180Å`190),(190Å`200),(200Å`210),(210Å`220),(220Å`230),(230Å`240),(240Å`250),(250Å`260),(260Å`270),(270Å`280),(280Å`290),(290Å`300),É…(W/(m•K)),Young's (E) ,Rigidity (G),Poisson's(É–),Knoop (Hk),Group,Abrasion(Aa),É¿,RW(P),RA(P),W(S)max,W(S)min,SR,PR,d,,,
1,L-BSL 7,516641,518638,1.48810 ,1.49404 ,1.50020 ,1.50523 ,1.50677 ,1.50930 ,1.51094 ,1.51241 ,1.51385 ,1.51424 ,1.51462 ,1.51626 ,1.51633 ,1.51825 ,1.52191 ,1.52236 ,1.52564 ,1.52620 ,1.52975 ,1.53574 ,64.1 ,63.8 ,64.06 ,63.87 ,0.00806 ,0.008060 ,0.008114 ,0.007081 ,0.002904 ,0.002484 ,0.004407 ,0.009874 ,0.004298 ,0.003544 ,0.009541 ,0.007479 ,0.004009 ,0.004105 ,0.013387 ,0.8785 ,0.3603 ,0.3082 ,0.5468 ,1.2251 ,0.5333 ,0.4397 ,1.1837 ,0.9217 ,0.4941 ,0.5059 ,1.6499 ,0.0312 ,0.0068 ,-0.0066 ,-0.0045 ,-0.0049 ,9.17473918E-01,3.52687665E-01,1.05579788E+00,5.27701411E-03,1.70809497E-02,1.04302583E+02,,,,,,,330 ,,295 ,326 ,299 ,0.00 ,0.08 ,0.09 ,,,0.080 ,0.400 ,0.710 ,0.870 ,0.942 ,0.973 ,0.986 ,0.992 ,0.994 ,0.996 ,0.997 ,0.997 ,0.997 ,0.997 ,0.998 ,0.999 ,0.999 ,0.999 ,0.999 ,0.999 ,0.999 ,0.999 ,0.999 ,0.999 ,0.974 ,0.994 ,0.988 ,0.974 ,0.870 ,0.800 ,3.6 ,3.4 ,3.4 ,3.4 ,3.5 ,3.6 ,3.7 ,3.8 ,4.0 ,4.1 ,4.1 ,4.3 ,4.3 ,3.7 ,3.5 ,3.5 ,3.5 ,3.7 ,3.7 ,3.8 ,4.0 ,4.1 ,4.2 ,4.3 ,4.4 ,4.5 ,3.8 ,3.7 ,3.7 ,3.7 ,3.8 ,3.9 ,4.1 ,4.2 ,4.3 ,4.5 ,4.5 ,4.7 ,4.8 ,3.9 ,3.7 ,3.7 ,3.8 ,3.9 ,4.0 ,4.2 ,4.3 ,4.4 ,4.5 ,4.6 ,4.8 ,4.9 ,3.9 ,3.8 ,3.8 ,3.8 ,3.9 ,4.0 ,4.2 ,4.3 ,4.4 ,4.6 ,4.6 ,4.8 ,4.9 ,3.9 ,3.8 ,3.9 ,4.0 ,4.0 ,4.1 ,4.3 ,4.4 ,4.6 ,4.7 ,4.9 ,5.0 ,5.0 ,4.1 ,4.0 ,4.0 ,4.1 ,4.1 ,4.2 ,4.4 ,4.5 ,4.7 ,4.8 ,4.9 ,5.1 ,5.2 ,4.3 ,4.2 ,4.2 ,4.3 ,4.3 ,4.5 ,4.7 ,4.8 ,4.9 ,5.1 ,5.3 ,5.4 ,5.5 ,4.3 ,4.2 ,4.2 ,4.3 ,4.3 ,4.5 ,4.7 ,4.9 ,5.0 ,5.1 ,5.3 ,5.4 ,5.5 ,4.5 ,4.4 ,4.4 ,4.5 ,4.6 ,4.8 ,5.0 ,5.2 ,5.2 ,5.4 ,5.6 ,5.7 ,5.8 ,4.7 ,4.6 ,4.6 ,4.7 ,4.9 ,5.1 ,5.2 ,5.4 ,5.5 ,5.7 ,5.9 ,6.1 ,6.2 ,5.1 ,5.0 ,5.0 ,5.2 ,5.4 ,5.6 ,5.7 ,6.0 ,6.2 ,6.4 ,6.5 ,6.7 ,6.8 ,5.24E-06,1.67E-08,-2.11E-11,3.63E-07,4.29E-10,2.04E-01,464 ,488 ,497 ,560 ,630 ,59 ,72 ,45 ,46 ,48 ,49 ,50 ,52 ,53 ,54 ,55 ,56 ,58 ,59 ,60 ,61 ,62 ,63 ,63 ,64 ,65 ,66 ,67 ,67 ,68 ,69 ,69 ,70 ,70 ,71 ,71 ,72 ,72 ,73 ,73 ,73 ,73 ,74 ,74 ,74 ,74 ,74 ,1.169 ,79.3 ,32.7 ,0.214 ,570 ,6 ,72 ,2.93 ,2 ,1 ,3 ,,1.0 ,1.2 ,2.38 ,,,
2,L-BAL35,589612,591609,1.55775 ,1.56407 ,1.57069 ,1.57622 ,1.57795 ,1.58085 ,1.58276 ,1.58448 ,1.58618 ,1.58665 ,1.58709 ,1.58904 ,1.58913 ,1.59143 ,1.59581 ,1.59636 ,1.60031 ,1.60100 ,1.60528 ,1.61256 ,61.2 ,60.9 ,61.15 ,60.93 ,0.00963 ,0.009634 ,0.009706 ,0.008230 ,0.003418 ,0.002952 ,0.005250 ,0.011867 ,0.005185 ,0.004288 ,0.011567 ,0.008702 ,0.004778 ,0.004928 ,0.016208 ,0.8543 ,0.3548 ,0.3064 ,0.5449 ,1.2318 ,0.5382 ,0.4451 ,1.2006 ,0.8966 ,0.4923 ,0.5077 ,1.6699 ,0.0207 ,0.0048 ,-0.0059 ,-0.0043 ,-0.0124 ,1.16262630E+00,3.25661051E-01,1.35132486E+00,1.25957437E-02,-3.26911050E-03,1.19214596E+02,,,,,,,345 ,,295 ,336 ,300 ,0.00 ,0.23 ,0.20 ,,,0.060 ,0.270 ,0.530 ,0.730 ,0.850 ,0.922 ,0.956 ,0.975 ,0.984 ,0.989 ,0.992 ,0.993 ,0.993 ,0.995 ,0.996 ,0.998 ,0.999 ,0.998 ,0.998 ,0.998 ,0.999 ,0.998 ,0.997 ,0.997 ,0.991 ,0.994 ,0.989 ,0.978 ,0.934 ,0.810 ,3.3 ,3.2 ,3.1 ,3.2 ,3.2 ,3.4 ,3.5 ,3.6 ,3.6 ,3.6 ,3.7 ,3.7 ,3.7 ,3.4 ,3.3 ,3.3 ,3.4 ,3.5 ,3.6 ,3.6 ,3.7 ,3.7 ,3.9 ,3.9 ,3.9 ,3.8 ,3.7 ,3.5 ,3.5 ,3.6 ,3.7 ,3.8 ,3.9 ,4.0 ,4.1 ,4.2 ,4.2 ,4.2 ,4.1 ,3.8 ,3.7 ,3.6 ,3.7 ,3.8 ,3.9 ,4.0 ,4.1 ,4.2 ,4.3 ,4.3 ,4.3 ,4.3 ,3.8 ,3.7 ,3.6 ,3.7 ,3.8 ,3.9 ,4.0 ,4.1 ,4.2 ,4.3 ,4.3 ,4.3 ,4.3 ,3.9 ,3.9 ,3.9 ,3.8 ,4.0 ,4.1 ,4.1 ,4.3 ,4.3 ,4.4 ,4.4 ,4.4 ,4.5 ,4.1 ,4.0 ,4.0 ,4.1 ,4.1 ,4.2 ,4.3 ,4.4 ,4.5 ,4.6 ,4.6 ,4.6 ,4.5 ,4.3 ,4.2 ,4.2 ,4.3 ,4.4 ,4.5 ,4.5 ,4.7 ,4.8 ,4.8 ,4.9 ,4.9 ,4.9 ,4.3 ,4.3 ,4.3 ,4.4 ,4.4 ,4.5 ,4.6 ,4.7 ,4.8 ,4.9 ,4.9 ,4.9 ,5.0 ,4.7 ,4.5 ,4.6 ,4.6 ,4.7 ,4.8 ,4.9 ,5.0 ,5.1 ,5.2 ,5.2 ,5.2 ,5.3 ,5.0 ,4.8 ,4.8 ,4.9 ,5.0 ,5.1 ,5.3 ,5.3 ,5.4 ,5.5 ,5.5 ,5.5 ,5.6 ,5.5 ,5.4 ,5.4 ,5.5 ,5.6 ,5.7 ,5.8 ,5.9 ,6.0 ,6.1 ,6.1 ,6.2 ,6.2 ,3.98E-06,1.48E-08,-3.02E-11,4.51E-07,9.94E-11,1.76E-01,489 ,520 ,530 ,573 ,619 ,66 ,85 ,49 ,50 ,52 ,54 ,55 ,57 ,58 ,60 ,61 ,63 ,64 ,66 ,67 ,68 ,69 ,71 ,72 ,73 ,74 ,75 ,77 ,78 ,79 ,80 ,81 ,82 ,82 ,83 ,84 ,85 ,86 ,87 ,87 ,88 ,89 ,89 ,90 ,90 ,91 ,92 ,1.126 ,100.8 ,40.3 ,0.252 ,640 ,6 ,100 ,2.29 ,2 ,4 ,3 ,,52.2 ,3.2 ,2.82 ,,,
3,L-BAL35P,592610,594608,1.56051 ,1.56687 ,1.57353 ,1.57908 ,1.58082 ,1.58373 ,1.58566 ,1.58740 ,1.58911 ,1.58958 ,1.59002 ,1.59199 ,1.59208 ,1.59440 ,1.59881 ,1.59936 ,1.60335 ,1.60404 ,1.60836 ,1.61570 ,61.0 ,60.8 ,61.00 ,60.77 ,0.00970 ,0.009707 ,0.009781 ,0.008288 ,0.003444 ,0.002974 ,0.005290 ,0.011957 ,0.005224 ,0.004322 ,0.011660 ,0.008763 ,0.004815 ,0.004966 ,0.016335 ,0.8538 ,0.3548 ,0.3064 ,0.5450 ,1.2318 ,0.5382 ,0.4452 ,1.2012 ,0.8959 ,0.4923 ,0.5077 ,1.6701 ,0.0209 ,0.0050 ,-0.0062 ,-0.0046 ,-0.0130 ,8.06742194E-01,6.90488648E-01,1.26477947E+00,1.48836231E-02,2.51943058E-03,1.11314570E+02,,,,,,,345 ,,295 ,336 ,300 ,0.00 ,0.23 ,0.20 ,,,0.060 ,0.270 ,0.530 ,0.730 ,0.850 ,0.922 ,0.956 ,0.975 ,0.984 ,0.989 ,0.992 ,0.993 ,0.993 ,0.995 ,0.996 ,0.998 ,0.999 ,0.998 ,0.998 ,0.998 ,0.999 ,0.998 ,0.997 ,0.997 ,0.991 ,0.994 ,0.989 ,0.978 ,0.934 ,0.810 ,3.3 ,3.2 ,3.2 ,3.2 ,3.2 ,3.4 ,3.4 ,3.5 ,3.5 ,3.6 ,3.6 ,3.6 ,3.6 ,3.4 ,3.3 ,3.3 ,3.3 ,3.4 ,3.5 ,3.5 ,3.6 ,3.6 ,3.8 ,3.8 ,3.8 ,3.8 ,3.7 ,3.5 ,3.5 ,3.5 ,3.7 ,3.7 ,3.8 ,3.9 ,4.0 ,4.1 ,4.1 ,4.2 ,4.1 ,3.8 ,3.7 ,3.6 ,3.6 ,3.7 ,3.8 ,3.9 ,4.0 ,4.1 ,4.2 ,4.2 ,4.3 ,4.3 ,3.8 ,3.7 ,3.7 ,3.6 ,3.8 ,3.9 ,3.9 ,4.0 ,4.2 ,4.2 ,4.3 ,4.3 ,4.4 ,3.9 ,3.8 ,3.8 ,3.8 ,3.9 ,4.0 ,4.0 ,4.2 ,4.3 ,4.4 ,4.4 ,4.5 ,4.5 ,4.0 ,3.9 ,3.9 ,4.0 ,4.0 ,4.1 ,4.2 ,4.3 ,4.4 ,4.5 ,4.6 ,4.6 ,4.7 ,4.2 ,4.1 ,4.1 ,4.2 ,4.3 ,4.4 ,4.5 ,4.6 ,4.7 ,4.8 ,4.9 ,5.0 ,5.0 ,4.2 ,4.2 ,4.2 ,4.2 ,4.3 ,4.4 ,4.5 ,4.7 ,4.8 ,4.9 ,4.9 ,5.0 ,5.1 ,4.5 ,4.4 ,4.4 ,4.5 ,4.6 ,4.7 ,4.9 ,5.0 ,5.1 ,5.2 ,5.3 ,5.4 ,5.5 ,4.8 ,4.6 ,4.7 ,4.8 ,4.9 ,5.0 ,5.2 ,5.3 ,5.5 ,5.6 ,5.7 ,5.8 ,5.9 ,5.2 ,5.2 ,5.3 ,5.3 ,5.5 ,5.7 ,5.8 ,5.9 ,6.1 ,6.2 ,6.4 ,6.6 ,6.6 ,3.82E-06,1.35E-08,-2.55E-11,4.28E-07,4.61E-10,1.88E-01,489 ,520 ,531 ,575 ,619 ,66 ,86 ,49 ,51 ,52 ,54 ,56 ,57 ,59 ,60 ,62 ,63 ,64 ,66 ,67 ,69 ,70 ,71 ,72 ,74 ,75 ,76 ,77 ,78 ,79 ,80 ,81 ,82 ,83 ,84 ,85 ,86 ,87 ,88 ,88 ,89 ,90 ,91 ,91 ,92 ,93 ,93 ,1.126 ,100.8 ,40.3 ,0.252 ,630 ,6 ,100 ,2.29 ,2 ,4 ,3 ,,52.2 ,3.2 ,2.82 ,,,
4,L-BAL42,583594,585591,1.55402 ,1.55949 ,1.56533 ,1.57038 ,1.57201 ,1.57482 ,1.57671 ,1.57843 ,1.58013 ,1.58061 ,1.58106 ,1.58304 ,1.58313 ,1.58547 ,1.58995 ,1.59051 ,1.59457 ,1.59528 ,1.59969 ,1.60719 ,59.4 ,59.1 ,59.38 ,59.13 ,0.00982 ,0.009820 ,0.009901 ,0.008122 ,0.003426 ,0.002992 ,0.005334 ,0.012153 ,0.005325 ,0.004412 ,0.011910 ,0.008599 ,0.004857 ,0.005044 ,0.016677 ,0.8271 ,0.3489 ,0.3047 ,0.5432 ,1.2376 ,0.5423 ,0.4493 ,1.2128 ,0.8685 ,0.4906 ,0.5094 ,1.6844 ,0.0018 ,0.0010 ,-0.0038 ,-0.0031 ,-0.0150 ,1.39528097E+00,7.25519520E-02,1.66335848E+00,1.11862030E-02,-2.46748575E-02,1.67717958E+02,,,,,,,340 ,,285 ,326 ,282 ,0.00 ,0.17 ,0.14 ,0.030 ,0.140 ,0.320 ,0.550 ,0.730 ,0.850 ,0.924 ,0.960 ,0.978 ,0.987 ,0.992 ,0.994 ,0.995 ,0.996 ,0.996 ,0.996 ,0.998 ,0.998 ,0.999 ,0.999 ,0.998 ,0.999 ,0.999 ,0.999 ,0.999 ,0.999 ,0.988 ,0.993 ,0.983 ,0.968 ,0.901 ,0.830 ,2.5 ,2.3 ,2.3 ,2.3 ,2.2 ,2.4 ,2.4 ,2.5 ,2.5 ,2.5 ,2.7 ,2.7 ,2.7 ,2.6 ,2.5 ,2.4 ,2.4 ,2.5 ,2.5 ,2.6 ,2.7 ,2.7 ,2.8 ,2.9 ,2.9 ,2.9 ,2.9 ,2.7 ,2.6 ,2.7 ,2.8 ,2.8 ,2.9 ,3.0 ,3.1 ,3.2 ,3.2 ,3.2 ,3.2 ,3.0 ,2.8 ,2.7 ,2.7 ,2.8 ,2.9 ,3.0 ,3.1 ,3.2 ,3.3 ,3.3 ,3.3 ,3.3 ,3.0 ,2.8 ,2.8 ,2.8 ,2.9 ,2.9 ,3.0 ,3.1 ,3.2 ,3.3 ,3.3 ,3.4 ,3.4 ,3.1 ,3.0 ,3.0 ,2.9 ,3.0 ,3.1 ,3.1 ,3.3 ,3.4 ,3.5 ,3.5 ,3.6 ,3.7 ,3.3 ,3.1 ,3.1 ,3.1 ,3.2 ,3.2 ,3.3 ,3.4 ,3.6 ,3.6 ,3.7 ,3.7 ,3.9 ,3.5 ,3.4 ,3.4 ,3.4 ,3.4 ,3.5 ,3.6 ,3.8 ,3.9 ,4.0 ,4.1 ,4.1 ,4.2 ,3.5 ,3.4 ,3.4 ,3.4 ,3.5 ,3.6 ,3.6 ,3.8 ,3.9 ,4.0 ,4.1 ,4.2 ,4.3 ,3.9 ,3.7 ,3.7 ,3.8 ,3.8 ,3.9 ,4.0 ,4.2 ,4.3 ,4.4 ,4.5 ,4.6 ,4.7 ,4.1 ,4.0 ,4.0 ,4.1 ,4.1 ,4.2 ,4.4 ,4.5 ,4.7 ,4.8 ,4.9 ,5.0 ,5.1 ,4.6 ,4.6 ,4.5 ,4.6 ,4.8 ,5.0 ,5.1 ,5.2 ,5.4 ,5.5 ,5.6 ,5.8 ,5.9 ,1.79E-06,1.30E-08,-2.17E-11,5.08E-07,4.57E-10,1.81E-01,467 ,494 ,502 ,551 ,607 ,72 ,92 ,55 ,57 ,58 ,60 ,61 ,63 ,64 ,66 ,67 ,69 ,70 ,72 ,73 ,74 ,75 ,77 ,78 ,79 ,80 ,82 ,83 ,84 ,85 ,86 ,87 ,88 ,89 ,90 ,91 ,92 ,93 ,94 ,94 ,95 ,96 ,97 ,98 ,98 ,99 ,100 ,1.028 ,89.1 ,35.7 ,0.247 ,590 ,6 ,117 ,2.19 ,1 ,3 ,1 ,2 ,5.2 ,2.0 ,3.05 ,,,
5,L-BAL42P,586592,588590,1.55671 ,1.56222 ,1.56806 ,1.57311 ,1.57475 ,1.57757 ,1.57947 ,1.58120 ,1.58292 ,1.58340 ,1.58385 ,1.58584 ,1.58593 ,1.58829 ,1.59281 ,1.59337 ,1.59746 ,1.59817 ,1.60262 ,1.61020 ,59.2 ,59.0 ,59.24 ,58.99 ,0.00989 ,0.009890 ,0.009972 ,0.008169 ,0.003449 ,0.003013 ,0.005371 ,0.012242 ,0.005365 ,0.004451 ,0.012026 ,0.008649 ,0.004891 ,0.005081 ,0.016829 ,0.8260 ,0.3487 ,0.3047 ,0.5431 ,1.2378 ,0.5425 ,0.4501 ,1.2160 ,0.8673 ,0.4905 ,0.5095 ,1.6876 ,0.0014 ,0.0010 ,-0.0039 ,-0.0031 ,-0.0130 ,8.81090017E-01,5.95038859E-01,1.22582098E+00,1.48496655E-02,1.63577371E-03,1.25113720E+02,,,,,,,340 ,,285 ,326 ,282 ,0.00 ,0.17 ,0.14 ,0.030 ,0.140 ,0.320 ,0.550 ,0.730 ,0.850 ,0.924 ,0.960 ,0.978 ,0.987 ,0.992 ,0.994 ,0.995 ,0.996 ,0.996 ,0.996 ,0.998 ,0.998 ,0.999 ,0.999 ,0.998 ,0.999 ,0.999 ,0.999 ,0.999 ,0.999 ,0.988 ,0.993 ,0.983 ,0.968 ,0.901 ,0.830 ,2.5 ,2.4 ,2.3 ,2.3 ,2.3 ,2.3 ,2.4 ,2.5 ,2.5 ,2.6 ,2.7 ,2.7 ,2.7 ,2.6 ,2.5 ,2.4 ,2.4 ,2.5 ,2.6 ,2.6 ,2.7 ,2.7 ,2.8 ,2.9 ,2.9 ,2.9 ,3.0 ,2.7 ,2.7 ,2.7 ,2.8 ,2.8 ,2.9 ,3.0 ,3.1 ,3.2 ,3.2 ,3.2 ,3.2 ,3.0 ,2.8 ,2.7 ,2.8 ,2.9 ,2.9 ,3.0 ,3.1 ,3.2 ,3.3 ,3.3 ,3.4 ,3.4 ,3.0 ,2.8 ,2.8 ,2.8 ,2.9 ,3.0 ,3.0 ,3.1 ,3.2 ,3.3 ,3.4 ,3.4 ,3.4 ,3.2 ,3.0 ,3.0 ,2.9 ,3.0 ,3.1 ,3.1 ,3.3 ,3.4 ,3.5 ,3.5 ,3.5 ,3.7 ,3.3 ,3.2 ,3.1 ,3.1 ,3.2 ,3.2 ,3.3 ,3.4 ,3.5 ,3.6 ,3.7 ,3.7 ,3.8 ,3.5 ,3.4 ,3.4 ,3.4 ,3.4 ,3.5 ,3.6 ,3.7 ,3.8 ,4.0 ,4.0 ,4.1 ,4.2 ,3.5 ,3.4 ,3.4 ,3.4 ,3.5 ,3.6 ,3.6 ,3.8 ,3.9 ,4.0 ,4.1 ,4.1 ,4.2 ,3.9 ,3.7 ,3.7 ,3.8 ,3.8 ,3.9 ,4.0 ,4.1 ,4.3 ,4.4 ,4.5 ,4.5 ,4.7 ,4.2 ,4.0 ,4.0 ,4.1 ,4.1 ,4.2 ,4.4 ,4.5 ,4.6 ,4.8 ,4.8 ,4.9 ,5.1 ,4.7 ,4.7 ,4.6 ,4.7 ,4.8 ,5.0 ,5.1 ,5.2 ,5.3 ,5.5 ,5.6 ,5.8 ,5.8 ,1.85E-06,1.30E-08,-2.13E-11,4.77E-07,3.69E-10,1.95E-01,467 ,494 ,502 ,551 ,607 ,73 ,93 ,56 ,57 ,59 ,61 ,62 ,64 ,65 ,67 ,68 ,70 ,71 ,72 ,74 ,75 ,77 ,78 ,79 ,80 ,82 ,83 ,84 ,85 ,86 ,87 ,88 ,89 ,90 ,91 ,92 ,93 ,94 ,95 ,96 ,97 ,98 ,98 ,99 ,100 ,100 ,101 ,1.028 ,89.1 ,35.7 ,0.247 ,590 ,6 ,117 ,2.19 ,1 ,3 ,1 ,2 ,5.2 ,2.0 ,3.05 ,,,
6,L-BAL43,586597,588594,1.55621 ,1.56185 ,1.56781 ,1.57293 ,1.57458 ,1.57740 ,1.57930 ,1.58103 ,1.58274 ,1.58321 ,1.58366 ,1.58564 ,1.58573 ,1.58807 ,1.59255 ,1.59311 ,1.59716 ,1.59786 ,1.60227 ,1.60976 ,59.7 ,59.4 ,59.70 ,59.45 ,0.00981 ,0.009812 ,0.009892 ,0.008157 ,0.003435 ,0.002993 ,0.005333 ,0.012132 ,0.005313 ,0.004404 ,0.011900 ,0.008634 ,0.004856 ,0.005036 ,0.016656 ,0.8313 ,0.3501 ,0.3050 ,0.5435 ,1.2364 ,0.5415 ,0.4488 ,1.2128 ,0.8728 ,0.4909 ,0.5091 ,1.6838 ,0.0045 ,0.0019 ,-0.0043 ,-0.0034 ,-0.0123 ,1.04745291E+00,4.28452873E-01,1.14111303E+00,5.63209756E-03,1.88321416E-02,1.14197069E+02,,,,,,,340 ,,285 ,328 ,289 ,0.00 ,0.10 ,0.10 ,,,0.290 ,0.510 ,0.700 ,0.830 ,0.906 ,0.949 ,0.971 ,0.983 ,0.988 ,0.990 ,0.996 ,0.997 ,0.996 ,0.998 ,0.999 ,0.999 ,0.999 ,0.999 ,0.999 ,0.999 ,0.999 ,0.999 ,0.999 ,0.999 ,0.993 ,0.997 ,0.988 ,0.975 ,0.914 ,0.840 ,2.5 ,2.4 ,2.3 ,2.3 ,2.3 ,2.3 ,2.5 ,2.6 ,2.6 ,2.7 ,2.8 ,2.8 ,2.8 ,2.6 ,2.5 ,2.4 ,2.4 ,2.5 ,2.6 ,2.6 ,2.8 ,2.8 ,2.8 ,3.0 ,3.0 ,3.0 ,3.0 ,2.7 ,2.7 ,2.7 ,2.8 ,2.9 ,3.0 ,3.1 ,3.2 ,3.3 ,3.4 ,3.4 ,3.4 ,3.0 ,2.8 ,2.8 ,2.8 ,2.9 ,3.0 ,3.1 ,3.2 ,3.3 ,3.4 ,3.5 ,3.5 ,3.5 ,3.1 ,2.8 ,2.8 ,2.8 ,2.9 ,3.0 ,3.1 ,3.2 ,3.3 ,3.4 ,3.5 ,3.6 ,3.6 ,3.2 ,3.1 ,3.0 ,3.0 ,3.1 ,3.2 ,3.2 ,3.4 ,3.5 ,3.6 ,3.7 ,3.8 ,3.9 ,3.3 ,3.2 ,3.1 ,3.2 ,3.2 ,3.3 ,3.4 ,3.6 ,3.7 ,3.8 ,3.9 ,3.9 ,4.1 ,3.5 ,3.4 ,3.4 ,3.5 ,3.5 ,3.6 ,3.7 ,3.9 ,4.0 ,4.1 ,4.2 ,4.3 ,4.5 ,3.5 ,3.5 ,3.4 ,3.5 ,3.5 ,3.7 ,3.7 ,3.9 ,4.1 ,4.2 ,4.3 ,4.4 ,4.5 ,3.8 ,3.7 ,3.7 ,3.8 ,3.9 ,4.0 ,4.1 ,4.3 ,4.4 ,4.6 ,4.7 ,4.8 ,5.0 ,4.2 ,4.0 ,4.0 ,4.1 ,4.2 ,4.3 ,4.5 ,4.7 ,4.8 ,5.0 ,5.1 ,5.2 ,5.4 ,4.6 ,4.6 ,4.5 ,4.7 ,4.9 ,4.9 ,5.2 ,5.3 ,5.5 ,5.7 ,5.8 ,6.0 ,6.2 ,1.88E-06,1.33E-08,-2.01E-11,5.33E-07,5.56E-10,1.69E-01,451 ,482 ,506 ,549 ,596 ,73 ,93 ,56 ,58 ,59 ,61 ,63 ,64 ,66 ,67 ,68 ,70 ,71 ,73 ,74 ,75 ,77 ,78 ,79 ,80 ,81 ,83 ,84 ,85 ,86 ,87 ,88 ,89 ,90 ,91 ,92 ,93 ,94 ,95 ,96 ,96 ,97 ,98 ,99 ,99 ,100 ,101 ,1.028 ,90.4 ,36.2 ,0.250 ,600 ,6 ,118 ,2.18 ,1 ,3 ,3 ,,51.4 ,2.0 ,3.05 ,,,
7,L-TIM28,689310,695308,1.64632 ,1.65189 ,1.65832 ,1.66500 ,1.66756 ,1.67245 ,1.67605 ,1.67949 ,1.68303 ,1.68403 ,1.68498 ,1.68929 ,1.68948 ,1.69473 ,1.70525 ,1.70660 ,1.71674 ,1.71856 ,1.73034 ,,31.0 ,30.8 ,31.02 ,30.78 ,0.02222 ,0.022225 ,0.022569 ,0.015462 ,0.006973 ,0.006454 ,0.011705 ,0.029076 ,0.013305 ,0.011789 ,,0.016470 ,0.010697 ,0.011872 ,,0.6957 ,0.3137 ,0.2904 ,0.5267 ,1.3083 ,0.5987 ,0.5304 ,,0.7298 ,0.4740 ,0.5260 ,,0.0035 ,0.0003 ,0.0080 ,0.0074 ,,1.52780829E+00,2.32776367E-01,1.71638781E+00,1.14135883E-02,5.59068566E-02,1.71511800E+02,,,,,,,400 ,,355 ,379 ,352 ,0.00 ,1.29 ,1.27 ,,,,,,,,0.010 ,0.210 ,0.600 ,0.820 ,0.903 ,0.940 ,0.969 ,0.979 ,0.984 ,0.988 ,0.991 ,0.997 ,0.996 ,0.995 ,0.997 ,0.999 ,0.999 ,0.999 ,0.999 ,0.998 ,0.995 ,0.980 ,0.962 ,0.927 ,0.890 ,-1.6 ,-1.8 ,-1.9 ,-2.0 ,-2.0 ,-2.0 ,-2.0 ,-2.1 ,-2.1 ,-2.1 ,-2.2 ,-2.3 ,-2.4 ,-1.4 ,-1.6 ,-1.7 ,-1.7 ,-1.7 ,-1.8 ,-1.7 ,-1.8 ,-1.8 ,-1.8 ,-1.9 ,-2.0 ,-2.1 ,-0.9 ,-1.1 ,-1.1 ,-1.2 ,-1.1 ,-1.1 ,-1.1 ,-1.0 ,-1.1 ,-1.1 ,-1.2 ,-1.2 ,-1.3 ,-0.7 ,-0.9 ,-1.0 ,-1.0 ,-0.9 ,-0.9 ,-0.9 ,-0.9 ,-0.9 ,-0.9 ,-0.9 ,-1.0 ,-1.0 ,-0.7 ,-0.9 ,-0.9 ,-1.0 ,-0.9 ,-0.8 ,-0.8 ,-0.8 ,-0.8 ,-0.8 ,-0.8 ,-0.9 ,-0.9 ,-0.4 ,-0.6 ,-0.6 ,-0.5 ,-0.5 ,-0.5 ,-0.4 ,-0.4 ,-0.4 ,-0.3 ,-0.4 ,-0.3 ,-0.4 ,-0.1 ,-0.3 ,-0.3 ,-0.2 ,-0.2 ,-0.1 ,0.0 ,0.1 ,0.1 ,0.1 ,0.1 ,0.2 ,0.1 ,0.5 ,0.5 ,0.5 ,0.6 ,0.7 ,0.8 ,0.9 ,1.0 ,1.1 ,1.1 ,1.2 ,1.3 ,1.2 ,0.7 ,0.6 ,0.6 ,0.7 ,0.8 ,0.9 ,1.0 ,1.2 ,1.3 ,1.3 ,1.3 ,1.4 ,1.4 ,1.7 ,1.6 ,1.7 ,1.8 ,1.9 ,2.1 ,2.3 ,2.5 ,2.7 ,2.7 ,2.9 ,2.9 ,3.0 ,2.7 ,2.8 ,2.9 ,3.1 ,3.4 ,3.5 ,3.9 ,4.0 ,4.3 ,4.5 ,4.6 ,4.7 ,4.8 ,-,-,-,-,-,-,-,-,-,-,-,-,-,-6.99E-06,8.47E-09,-2.95E-11,8.84E-07,9.46E-10,2.80E-01,453 ,484 ,503 ,542 ,582 ,106 ,134 ,82 ,85 ,87 ,89 ,91 ,93 ,96 ,98 ,100 ,102 ,104 ,106 ,107 ,109 ,111 ,113 ,115 ,116 ,118 ,120 ,121 ,123 ,125 ,126 ,128 ,129 ,130 ,132 ,133 ,134 ,136 ,137 ,138 ,139 ,141 ,142 ,143 ,144 ,145 ,146 ,1.020 ,84.5 ,33.7 ,0.254 ,530 ,5 ,217 ,2.62 ,1 ,1 ,1 ,2 ,1.0 ,1.0 ,2.88 ,,,
8,L-LAL13,694532,697529,1.65737 ,1.66392 ,1.67089 ,1.67702 ,1.67906 ,1.68263 ,1.68507 ,1.68731 ,1.68955 ,1.69018 ,1.69076 ,1.69338 ,1.69350 ,1.69661 ,1.70259 ,1.70334 ,1.70879 ,1.70974 ,1.71570 ,1.72592 ,53.2 ,52.9 ,53.18 ,52.93 ,0.01304 ,0.013040 ,0.013160 ,0.010490 ,0.004481 ,0.003949 ,0.007056 ,0.016239 ,0.007148 ,0.005962 ,0.016179 ,0.011117 ,0.006429 ,0.006731 ,0.022580 ,0.8044 ,0.3436 ,0.3028 ,0.5411 ,1.2453 ,0.5482 ,0.4572 ,1.2407 ,0.8448 ,0.4885 ,0.5115 ,1.7158 ,0.0082 ,0.0033 ,-0.0090 ,-0.0072 ,-0.0390 ,1.17776146E+00,6.34591345E-01,1.20435649E+00,5.57618243E-03,2.06821469E-02,9.96322776E+01,,,,,,,360 ,,285 ,346 ,288 ,0.00 ,0.35 ,0.32 ,0.010 ,0.060 ,0.150 ,0.280 ,0.450 ,0.610 ,0.740 ,0.840 ,0.913 ,0.949 ,0.969 ,0.979 ,0.984 ,0.989 ,0.991 ,0.993 ,0.995 ,0.997 ,0.998 ,0.997 ,0.997 ,0.998 ,0.999 ,0.999 ,0.999 ,0.999 ,0.996 ,0.995 ,0.988 ,0.969 ,0.918 ,0.720 ,1.9 ,1.8 ,1.6 ,1.7 ,1.7 ,1.8 ,1.9 ,2.0 ,2.1 ,2.2 ,2.2 ,2.3 ,2.4 ,2.1 ,1.9 ,1.9 ,1.8 ,1.9 ,1.9 ,2.1 ,2.1 ,2.3 ,2.4 ,2.4 ,2.5 ,2.6 ,2.5 ,2.2 ,2.2 ,2.1 ,2.3 ,2.4 ,2.4 ,2.5 ,2.6 ,2.7 ,2.8 ,3.0 ,3.0 ,2.5 ,2.3 ,2.3 ,2.3 ,2.4 ,2.5 ,2.5 ,2.7 ,2.7 ,2.9 ,2.9 ,3.1 ,3.2 ,2.6 ,2.4 ,2.3 ,2.4 ,2.4 ,2.5 ,2.6 ,2.6 ,2.8 ,2.9 ,3.0 ,3.1 ,3.2 ,2.7 ,2.5 ,2.5 ,2.5 ,2.6 ,2.7 ,2.8 ,2.8 ,3.0 ,3.1 ,3.2 ,3.3 ,3.4 ,2.9 ,2.7 ,2.7 ,2.7 ,2.7 ,2.9 ,2.9 ,3.1 ,3.2 ,3.3 ,3.4 ,3.6 ,3.6 ,3.2 ,3.1 ,3.0 ,3.1 ,3.1 ,3.2 ,3.3 ,3.5 ,3.6 ,3.7 ,3.8 ,4.0 ,4.0 ,3.3 ,3.2 ,3.0 ,3.1 ,3.2 ,3.3 ,3.4 ,3.6 ,3.6 ,3.7 ,3.8 ,4.0 ,4.1 ,3.7 ,3.5 ,3.5 ,3.5 ,3.6 ,3.7 ,3.8 ,4.0 ,4.2 ,4.2 ,4.4 ,4.5 ,4.6 ,4.1 ,3.9 ,4.0 ,3.9 ,4.1 ,4.1 ,4.3 ,4.5 ,4.6 ,4.8 ,4.9 ,5.0 ,5.1 ,4.9 ,4.8 ,4.7 ,4.8 ,4.9 ,5.1 ,5.2 ,5.3 ,5.5 ,5.7 ,5.8 ,6.0 ,6.0 ,3.17E-07,1.28E-08,-1.74E-11,5.19E-07,2.55E-10,2.01E-01,503 ,522 ,538 ,583 ,615 ,75 ,93 ,58 ,60 ,62 ,63 ,65 ,66 ,68 ,69 ,71 ,72 ,73 ,75 ,76 ,77 ,78 ,80 ,81 ,82 ,83 ,84 ,85 ,86 ,87 ,88 ,89 ,90 ,91 ,92 ,93 ,93 ,94 ,95 ,96 ,96 ,97 ,98 ,98 ,99 ,99 ,100 ,0.887 ,107.8 ,41.9 ,0.285 ,640 ,6 ,108 ,1.91 ,1 ,4 ,2 ,,53.2 ,4.0 ,3.69 ,,,
9,L-LAL15,693529,696527,1.65455 ,1.66189 ,1.66960 ,1.67621 ,1.67835 ,1.68203 ,1.68453 ,1.68680 ,1.68906 ,1.68970 ,1.69029 ,1.69292 ,1.69304 ,1.69616 ,1.70216 ,1.70291 ,1.70837 ,1.70932 ,1.71528 ,1.72550 ,52.9 ,52.7 ,52.93 ,52.70 ,0.01310 ,0.013093 ,0.013210 ,0.010719 ,0.004537 ,0.003975 ,0.007095 ,0.016276 ,0.007158 ,0.005966 ,0.016189 ,0.011351 ,0.006463 ,0.006747 ,0.022598 ,0.8187 ,0.3465 ,0.3036 ,0.5419 ,1.2431 ,0.5467 ,0.4557 ,1.2365 ,0.8593 ,0.4893 ,0.5107 ,1.7107 ,0.0237 ,0.0065 ,-0.0117 ,-0.0091 ,-0.0453 ,1.07959634E+00,7.31872134E-01,1.17111107E+00,4.70047543E-03,1.98615758E-02,8.70359900E+01,,,,,,,345 ,,,320 ,,0.00 ,0.14 ,0.14 ,0.390 ,0.530 ,0.640 ,0.730 ,0.800 ,0.870 ,0.916 ,0.948 ,0.968 ,0.980 ,0.987 ,0.991 ,0.993 ,0.995 ,0.997 ,0.997 ,0.998 ,0.999 ,0.999 ,0.999 ,0.999 ,0.999 ,0.999 ,0.999 ,0.999 ,0.999 ,0.990 ,0.991 ,0.979 ,0.949 ,0.850 ,0.590 ,5.6 ,5.5 ,5.4 ,5.5 ,5.5 ,5.6 ,5.8 ,5.8 ,5.9 ,6.0 ,6.1 ,6.1 ,6.2 ,5.8 ,5.7 ,5.7 ,5.7 ,5.8 ,5.8 ,6.0 ,6.1 ,6.2 ,6.3 ,6.3 ,6.4 ,6.5 ,6.2 ,6.0 ,6.1 ,6.2 ,6.2 ,6.3 ,6.4 ,6.5 ,6.6 ,6.8 ,6.9 ,7.0 ,7.0 ,6.3 ,6.2 ,6.2 ,6.3 ,6.3 ,6.5 ,6.6 ,6.7 ,6.8 ,6.9 ,7.0 ,7.2 ,7.2 ,6.3 ,6.2 ,6.2 ,6.3 ,6.4 ,6.5 ,6.6 ,6.7 ,6.8 ,7.0 ,7.1 ,7.2 ,7.3 ,6.5 ,6.4 ,6.4 ,6.5 ,6.6 ,6.7 ,6.8 ,7.0 ,7.1 ,7.2 ,7.3 ,7.5 ,7.5 ,6.6 ,6.5 ,6.6 ,6.7 ,6.8 ,6.9 ,7.1 ,7.3 ,7.3 ,7.5 ,7.6 ,7.8 ,7.8 ,7.0 ,7.0 ,6.9 ,7.1 ,7.2 ,7.4 ,7.5 ,7.7 ,7.8 ,8.0 ,8.1 ,8.3 ,8.4 ,7.1 ,7.0 ,7.0 ,7.1 ,7.2 ,7.4 ,7.6 ,7.8 ,7.9 ,8.0 ,8.2 ,8.4 ,8.5 ,7.5 ,7.4 ,7.5 ,7.6 ,7.7 ,7.9 ,8.1 ,8.3 ,8.5 ,8.6 ,8.9 ,9.0 ,9.1 ,7.8 ,7.8 ,7.9 ,8.0 ,8.1 ,8.4 ,8.6 ,8.9 ,9.1 ,9.3 ,9.5 ,9.6 ,9.8 ,8.6 ,8.6 ,8.7 ,8.9 ,9.1 ,9.4 ,9.6 ,9.9 ,10.1 ,10.4 ,10.6 ,10.8 ,11.0 ,7.46E-06,1.32E-08,-2.20E-11,5.76E-07,6.91E-10,1.90E-01,494 ,515 ,537 ,570 ,596 ,57 ,74 ,42 ,43 ,44 ,46 ,47 ,49 ,50 ,51 ,52 ,54 ,55 ,56 ,57 ,58 ,60 ,61 ,62 ,63 ,64 ,65 ,66 ,67 ,68 ,69 ,70 ,71 ,72 ,73 ,73 ,74 ,75 ,76 ,77 ,77 ,78 ,79 ,79 ,80 ,81 ,81 ,0.923 ,110.3 ,42.7 ,0.291 ,660 ,7 ,82 ,2.44 ,1 ,4 ,3 ,,53.0 ,4.0 ,3.66 ,,,
10,L-LAM60,743493,747490,1.70409 ,1.71082 ,1.71804 ,1.72458 ,1.72681 ,1.73078 ,1.73354 ,1.73609 ,1.73866 ,1.73937 ,1.74005 ,1.74306 ,1.74320 ,1.74679 ,1.75373 ,1.75460 ,1.76096 ,1.76207 ,1.76905 ,1.78108 ,49.3 ,49.0 ,49.29 ,49.05 ,0.01507 ,0.015077 ,0.015226 ,0.011847 ,0.005115 ,0.004543 ,0.008133 ,0.018870 ,0.008336 ,0.006984 ,0.019016 ,0.012567 ,0.007413 ,0.007813 ,0.026483 ,0.7858 ,0.3393 ,0.3013 ,0.5394 ,1.2516 ,0.5529 ,0.4632 ,1.2613 ,0.8254 ,0.4869 ,0.5131 ,1.7393 ,0.0079 ,0.0037 ,-0.0108 ,-0.0088 ,-0.0510 ,1.47574184E+00,4.96132743E-01,1.23796236E+00,7.36950000E-03,2.51891746E-02,9.80306651E+01,,,,,,,370 ,,310 ,347 ,308 ,0.00 ,0.37 ,0.38 ,,,,0.090 ,0.330 ,0.560 ,0.720 ,0.830 ,0.904 ,0.944 ,0.965 ,0.977 ,0.983 ,0.988 ,0.991 ,0.993 ,0.996 ,0.997 ,0.998 ,0.998 ,0.998 ,0.999 ,0.999 ,0.999 ,0.999 ,0.999 ,0.998 ,0.997 ,0.991 ,0.974 ,0.936 ,0.750 ,2.7 ,2.4 ,2.4 ,2.4 ,2.4 ,2.4 ,2.5 ,2.6 ,2.5 ,2.6 ,2.6 ,2.7 ,2.7 ,2.8 ,2.7 ,2.5 ,2.6 ,2.6 ,2.6 ,2.7 ,2.8 ,2.8 ,2.8 ,2.9 ,3.0 ,3.0 ,3.2 ,3.0 ,2.9 ,3.0 ,3.0 ,3.1 ,3.1 ,3.3 ,3.4 ,3.3 ,3.5 ,3.5 ,3.5 ,3.4 ,3.2 ,3.0 ,3.1 ,3.1 ,3.2 ,3.3 ,3.4 ,3.5 ,3.5 ,3.7 ,3.7 ,3.7 ,3.4 ,3.2 ,3.2 ,3.1 ,3.1 ,3.2 ,3.3 ,3.5 ,3.6 ,3.5 ,3.7 ,3.7 ,3.8 ,3.6 ,3.4 ,3.4 ,3.3 ,3.4 ,3.5 ,3.5 ,3.7 ,3.8 ,3.8 ,4.0 ,4.0 ,4.0 ,3.7 ,3.6 ,3.5 ,3.5 ,3.6 ,3.7 ,3.8 ,3.9 ,4.1 ,4.2 ,4.3 ,4.3 ,4.3 ,4.1 ,4.0 ,3.9 ,4.0 ,4.1 ,4.1 ,4.3 ,4.4 ,4.6 ,4.7 ,4.8 ,4.8 ,4.9 ,4.1 ,4.1 ,4.0 ,4.1 ,4.1 ,4.2 ,4.4 ,4.5 ,4.6 ,4.8 ,4.9 ,4.9 ,5.0 ,4.6 ,4.5 ,4.4 ,4.6 ,4.6 ,4.8 ,4.9 ,5.0 ,5.2 ,5.4 ,5.5 ,5.6 ,5.7 ,5.0 ,4.9 ,4.9 ,5.0 ,5.1 ,5.3 ,5.5 ,5.6 ,5.8 ,6.0 ,6.1 ,6.2 ,6.3 ,5.9 ,5.8 ,5.8 ,5.9 ,6.1 ,6.3 ,6.5 ,6.7 ,6.9 ,7.1 ,7.3 ,7.4 ,7.6 ,1.27E-06,1.08E-08,-1.96E-11,6.06E-07,6.22E-10,1.91E-01,511 ,533 ,541 ,587 ,623 ,75 ,92 ,58 ,59 ,61 ,63 ,64 ,66 ,67 ,69 ,70 ,71 ,73 ,74 ,75 ,76 ,78 ,79 ,80 ,81 ,82 ,83 ,84 ,85 ,86 ,87 ,88 ,89 ,90 ,91 ,92 ,92 ,93 ,94 ,95 ,95 ,96 ,96 ,97 ,98 ,98 ,99 ,0.876 ,114.7 ,44.5 ,0.289 ,670 ,7 ,92 ,1.83 ,1 ,3 ,3 ,,51.2 ,2.0 ,4.20 ,,,
11,L-LAM69,731405,735403,1.68805 ,1.69488 ,1.70237 ,1.70939 ,1.71185 ,1.71632 ,1.71948 ,1.72243 ,1.72542 ,1.72626 ,1.72705 ,1.73061 ,1.73077 ,1.73505 ,1.74346 ,1.74452 ,1.75240 ,1.75379 ,1.76267 ,1.77858 ,40.5 ,40.3 ,40.51 ,40.25 ,0.01804 ,0.018040 ,0.018262 ,0.013567 ,0.005939 ,0.005354 ,0.009635 ,0.023019 ,0.010333 ,0.008885 ,0.024789 ,0.014410 ,0.008792 ,0.009470 ,0.034057 ,0.7521 ,0.3292 ,0.2968 ,0.5341 ,1.2760 ,0.5728 ,0.4925 ,1.3741 ,0.7891 ,0.4814 ,0.5186 ,1.8649 ,0.0154 ,0.0042 ,-0.0046 ,-0.0031 ,-0.0117 ,1.74038960E+00,1.76996917E-01,1.76775413E+00,1.03398870E-02,4.84822765E-02,1.36671996E+02,,,,,,,410 ,,340 ,379 ,340 ,0.00 ,1.88 ,1.91 ,,,,,,,0.040 ,0.260 ,0.530 ,0.710 ,0.810 ,0.870 ,0.910 ,0.947 ,0.963 ,0.974 ,0.983 ,0.989 ,0.995 ,0.994 ,0.994 ,0.996 ,0.998 ,0.998 ,0.998 ,0.999 ,0.997 ,0.995 ,0.987 ,0.971 ,0.925 ,0.760 ,1.5 ,1.3 ,1.2 ,1.1 ,1.1 ,1.2 ,1.2 ,1.2 ,1.3 ,1.4 ,1.4 ,1.6 ,1.6 ,1.7 ,1.5 ,1.4 ,1.4 ,1.4 ,1.4 ,1.5 ,1.6 ,1.6 ,1.7 ,1.7 ,1.9 ,1.9 ,2.1 ,2.0 ,1.8 ,1.9 ,1.9 ,2.0 ,2.0 ,2.2 ,2.2 ,2.3 ,2.5 ,2.5 ,2.6 ,2.3 ,2.1 ,2.0 ,2.0 ,2.1 ,2.1 ,2.2 ,2.4 ,2.4 ,2.5 ,2.6 ,2.8 ,2.8 ,2.4 ,2.2 ,2.0 ,2.1 ,2.1 ,2.2 ,2.3 ,2.4 ,2.6 ,2.6 ,2.7 ,2.8 ,2.9 ,2.6 ,2.4 ,2.4 ,2.3 ,2.4 ,2.5 ,2.6 ,2.7 ,2.8 ,2.9 ,3.1 ,3.2 ,3.3 ,2.8 ,2.7 ,2.6 ,2.6 ,2.7 ,2.8 ,2.9 ,3.1 ,3.2 ,3.4 ,3.4 ,3.6 ,3.6 ,3.3 ,3.2 ,3.2 ,3.2 ,3.4 ,3.4 ,3.6 ,3.7 ,3.9 ,4.1 ,4.2 ,4.4 ,4.5 ,3.4 ,3.2 ,3.3 ,3.3 ,3.4 ,3.5 ,3.7 ,3.8 ,4.0 ,4.2 ,4.3 ,4.5 ,4.6 ,4.1 ,4.0 ,3.9 ,4.1 ,4.2 ,4.4 ,4.6 ,4.7 ,4.9 ,5.1 ,5.3 ,5.5 ,5.6 ,4.8 ,4.7 ,4.7 ,4.9 ,5.0 ,5.2 ,5.4 ,5.6 ,5.9 ,6.1 ,6.3 ,6.5 ,6.7 ,6.2 ,6.1 ,6.3 ,6.5 ,6.7 ,7.0 ,7.3 ,7.5 ,7.9 ,8.2 ,8.5 ,8.7 ,9.0 ,-9.60E-07,1.07E-08,-1.54E-11,7.29E-07,7.43E-10,2.40E-01,461 ,489 ,500 ,539 ,574 ,87 ,109 ,66 ,68 ,70 ,72 ,73 ,75 ,77 ,79 ,81 ,82 ,84 ,86 ,87 ,89 ,90 ,92 ,93 ,95 ,96 ,97 ,99 ,100 ,101 ,103 ,104 ,105 ,106 ,107 ,108 ,109 ,110 ,111 ,112 ,113 ,114 ,115 ,116 ,116 ,117 ,118 ,1.114 ,113.3 ,44.5 ,0.273 ,630 ,6 ,121 ,2.03 ,1 ,3 ,2 ,,52.2 ,3.1 ,3.24 ,,,
12,L-LAH53,806409,811407,1.76094 ,1.76797 ,1.77569 ,1.78303 ,1.78566 ,1.79048 ,1.79391 ,1.79713 ,1.80039 ,1.80132 ,1.80218 ,1.80608 ,1.80625 ,1.81093 ,1.82010 ,1.82126 ,1.82981 ,1.83132 ,1.84090 ,1.85783 ,40.9 ,40.7 ,40.91 ,40.66 ,0.01971 ,0.019709 ,0.019946 ,0.014736 ,0.006484 ,0.005856 ,0.010537 ,0.025070 ,0.011217 ,0.009578 ,0.026514 ,0.015658 ,0.009615 ,0.010331 ,0.036572 ,0.7477 ,0.3290 ,0.2971 ,0.5346 ,1.2720 ,0.5691 ,0.4860 ,1.3453 ,0.7850 ,0.4821 ,0.5179 ,1.8336 ,0.0091 ,0.0036 ,-0.0077 ,-0.0062 ,-0.0372 ,1.87409991E+00,2.97921402E-01,1.35064285E+00,9.93318344E-03,4.05501825E-02,1.00502200E+02,,,,,,,400 ,,335 ,367 ,338 ,0.00 ,0.88 ,0.94 ,,,,,,,0.160 ,0.470 ,0.700 ,0.830 ,0.890 ,0.929 ,0.950 ,0.970 ,0.979 ,0.985 ,0.989 ,0.993 ,0.997 ,0.997 ,0.998 ,0.998 ,0.999 ,0.999 ,0.999 ,0.999 ,0.997 ,0.996 ,0.988 ,0.969 ,0.919 ,0.730 ,5.2 ,5.1 ,5.1 ,5.2 ,5.2 ,5.4 ,5.5 ,5.6 ,5.7 ,5.8 ,5.8 ,5.8 ,5.8 ,5.5 ,5.5 ,5.4 ,5.4 ,5.6 ,5.7 ,5.9 ,5.9 ,6.1 ,6.1 ,6.2 ,6.2 ,6.2 ,6.0 ,6.0 ,5.9 ,6.1 ,6.2 ,6.4 ,6.5 ,6.6 ,6.7 ,6.8 ,6.9 ,6.9 ,6.9 ,6.2 ,6.1 ,6.1 ,6.3 ,6.4 ,6.6 ,6.7 ,6.8 ,6.9 ,7.1 ,7.1 ,7.2 ,7.2 ,6.2 ,6.2 ,6.2 ,6.3 ,6.4 ,6.6 ,6.7 ,6.9 ,7.0 ,7.1 ,7.2 ,7.2 ,7.2 ,6.5 ,6.4 ,6.5 ,6.6 ,6.8 ,6.9 ,7.1 ,7.2 ,7.4 ,7.5 ,7.6 ,7.6 ,7.6 ,6.7 ,6.7 ,6.8 ,6.9 ,7.1 ,7.3 ,7.4 ,7.6 ,7.7 ,7.9 ,8.0 ,8.0 ,8.1 ,7.4 ,7.4 ,7.4 ,7.5 ,7.7 ,7.9 ,8.1 ,8.3 ,8.5 ,8.7 ,8.8 ,8.9 ,8.9 ,7.4 ,7.4 ,7.5 ,7.6 ,7.8 ,8.0 ,8.2 ,8.5 ,8.6 ,8.8 ,8.9 ,9.0 ,9.1 ,8.1 ,8.1 ,8.2 ,8.5 ,8.7 ,8.9 ,9.1 ,9.4 ,9.5 ,9.7 ,9.9 ,10.0 ,10.2 ,8.9 ,8.9 ,9.0 ,9.3 ,9.5 ,9.7 ,10.0 ,10.3 ,10.5 ,10.7 ,10.9 ,11.1 ,11.3 ,10.3 ,10.4 ,10.6 ,10.9 ,11.2 ,11.6 ,11.9 ,12.2 ,12.5 ,12.7 ,13.0 ,13.3 ,13.5 ,5.93E-06,1.29E-08,-2.69E-11,7.17E-07,6.84E-10,2.28E-01,534 ,558 ,573 ,610 ,646 ,59 ,75 ,45 ,46 ,47 ,49 ,50 ,51 ,53 ,54 ,55 ,56 ,57 ,58 ,59 ,61 ,62 ,63 ,64 ,65 ,66 ,67 ,67 ,68 ,69 ,70 ,71 ,72 ,73 ,73 ,74 ,75 ,75 ,76 ,77 ,77 ,78 ,78 ,79 ,80 ,80 ,80 ,0.862 ,115.1 ,44.3 ,0.298 ,660 ,7 ,83 ,1.88 ,1 ,3 ,1 ,,51.2 ,2.0 ,4.49 ,,,
13,L-LAH84,808405,813403,1.76397 ,1.77059 ,1.77793 ,1.78505 ,1.78765 ,1.79245 ,1.79590 ,1.79914 ,1.80243 ,1.80336 ,1.80424 ,1.80818 ,1.80835 ,1.81309 ,1.82237 ,1.82354 ,1.83219 ,1.83372 ,1.84340 ,1.86048 ,40.5 ,40.3 ,40.55 ,40.30 ,0.01994 ,0.019936 ,0.020178 ,0.014785 ,0.006535 ,0.005918 ,0.010654 ,0.025366 ,0.011348 ,0.009680 ,0.026762 ,0.015716 ,0.009723 ,0.010455 ,0.036937 ,0.7416 ,0.3278 ,0.2968 ,0.5344 ,1.2724 ,0.5692 ,0.4856 ,1.3424 ,0.7789 ,0.4819 ,0.5181 ,1.8306 ,0.0047 ,0.0028 ,-0.0081 ,-0.0067 ,-0.0431 ,1.83606127E+00,3.41720032E-01,1.35280173E+00,9.81969903E-03,3.85636264E-02,1.07045530E+02,,,,,,,400 ,,335 ,364 ,336 ,0.00 ,0.75 ,0.77 ,,,,,,,0.200 ,0.540 ,0.760 ,0.870 ,0.922 ,0.950 ,0.965 ,0.979 ,0.985 ,0.990 ,0.993 ,0.996 ,0.998 ,0.998 ,0.998 ,0.999 ,0.999 ,0.999 ,0.999 ,0.999 ,0.998 ,0.997 ,0.992 ,0.975 ,0.942 ,0.790 ,5.7 ,5.7 ,5.8 ,5.8 ,6.0 ,6.0 ,6.2 ,6.2 ,6.3 ,6.2 ,6.1 ,6.0 ,5.8 ,6.0 ,6.1 ,6.1 ,6.1 ,6.3 ,6.4 ,6.5 ,6.5 ,6.6 ,6.6 ,6.5 ,6.4 ,6.1 ,6.6 ,6.6 ,6.6 ,6.8 ,6.9 ,7.1 ,7.2 ,7.2 ,7.3 ,7.2 ,7.2 ,7.1 ,6.9 ,6.7 ,6.8 ,6.8 ,7.0 ,7.1 ,7.3 ,7.4 ,7.4 ,7.5 ,7.5 ,7.4 ,7.3 ,7.1 ,6.8 ,6.8 ,6.9 ,7.0 ,7.2 ,7.3 ,7.4 ,7.5 ,7.5 ,7.5 ,7.5 ,7.4 ,7.2 ,7.1 ,7.1 ,7.3 ,7.3 ,7.5 ,7.7 ,7.8 ,7.8 ,7.9 ,7.9 ,7.9 ,7.8 ,7.6 ,7.3 ,7.4 ,7.6 ,7.6 ,7.8 ,8.0 ,8.1 ,8.2 ,8.2 ,8.3 ,8.2 ,8.1 ,8.0 ,8.0 ,8.1 ,8.2 ,8.3 ,8.5 ,8.7 ,8.8 ,8.9 ,9.0 ,9.0 ,9.0 ,9.0 ,8.8 ,8.1 ,8.2 ,8.3 ,8.4 ,8.6 ,8.8 ,8.9 ,9.1 ,9.1 ,9.2 ,9.1 ,9.1 ,9.0 ,8.8 ,8.9 ,9.0 ,9.2 ,9.5 ,9.6 ,9.8 ,10.0 ,10.0 ,10.1 ,10.1 ,10.1 ,10.0 ,9.7 ,9.7 ,10.0 ,10.1 ,10.4 ,10.5 ,10.7 ,10.9 ,11.0 ,11.1 ,11.1 ,11.1 ,11.1 ,11.2 ,11.4 ,11.6 ,11.8 ,12.1 ,12.4 ,12.7 ,12.9 ,13.1 ,13.1 ,13.2 ,13.3 ,13.2 ,7.06E-06,1.24E-08,-4.19E-11,7.18E-07,5.02E-10,2.31E-01,491 ,515 ,531 ,577 ,603 ,64 ,81 ,49 ,51 ,52 ,53 ,55 ,56 ,57 ,58 ,60 ,61 ,62 ,63 ,64 ,66 ,67 ,68 ,69 ,70 ,71 ,72 ,73 ,74 ,75 ,76 ,77 ,78 ,79 ,80 ,80 ,81 ,82 ,83 ,84 ,84 ,85 ,86 ,87 ,87 ,88 ,89 ,0.875 ,111.6 ,42.8 ,0.303 ,640 ,6 ,88 ,2.35 ,1 ,3 ,2 ,,51.3 ,2.2 ,4.62 ,,,
14,L-LAH85V,854404,859401,1.80740 ,1.81425 ,1.82188 ,1.82934 ,1.83207 ,1.83714 ,1.84079 ,1.84423 ,1.84772 ,1.84871 ,1.84964 ,1.85381 ,1.85400 ,1.85903 ,1.86887 ,1.87012 ,1.87929 ,1.88090 ,1.89116 ,1.90923 ,40.4 ,40.1 ,40.38 ,40.13 ,0.02115 ,0.021151 ,0.021407 ,0.015652 ,0.006929 ,0.006279 ,0.011304 ,0.026903 ,0.012031 ,0.010254 ,0.028327 ,0.016640 ,0.010316 ,0.011091 ,0.039114 ,0.7400 ,0.3276 ,0.2969 ,0.5344 ,1.2719 ,0.5688 ,0.4848 ,1.3393 ,0.7773 ,0.4819 ,0.5181 ,1.8272 ,0.0039 ,0.0028 ,-0.0089 ,-0.0073 ,-0.0476 ,1.97460503E+00,3.61903592E-01,1.38433241E+00,1.01854258E-02,3.84829118E-02,1.03713627E+02,,,,,,,,380 ,340 ,373 ,340 ,0.00 ,1.17 ,1.20 ,,,,,,,0.050 ,0.300 ,0.580 ,0.770 ,0.860 ,0.915 ,0.944 ,0.971 ,0.981 ,0.987 ,0.992 ,0.995 ,0.999 ,0.999 ,0.999 ,0.999 ,0.999 ,0.999 ,0.999 ,0.999 ,0.999 ,0.998 ,0.992 ,0.973 ,0.933 ,0.770 ,4.8 ,4.6 ,4.5 ,4.6 ,4.6 ,4.7 ,4.8 ,4.9 ,5.0 ,5.1 ,5.2 ,5.2 ,5.3 ,5.1 ,4.9 ,4.9 ,4.9 ,4.9 ,5.0 ,5.1 ,5.2 ,5.4 ,5.5 ,5.6 ,5.6 ,5.7 ,5.6 ,5.5 ,5.4 ,5.4 ,5.5 ,5.6 ,5.8 ,6.0 ,6.1 ,6.2 ,6.3 ,6.4 ,6.5 ,5.8 ,5.6 ,5.6 ,5.6 ,5.7 ,5.8 ,6.0 ,6.2 ,6.3 ,6.4 ,6.6 ,6.7 ,6.9 ,5.8 ,5.7 ,5.6 ,5.7 ,5.7 ,5.9 ,6.0 ,6.2 ,6.4 ,6.5 ,6.7 ,6.8 ,7.0 ,6.1 ,6.0 ,5.9 ,6.1 ,6.2 ,6.2 ,6.4 ,6.6 ,6.7 ,6.9 ,7.1 ,7.2 ,7.4 ,6.3 ,6.2 ,6.2 ,6.4 ,6.5 ,6.6 ,6.7 ,7.0 ,7.1 ,7.3 ,7.5 ,7.6 ,7.8 ,7.0 ,6.8 ,6.9 ,7.0 ,7.2 ,7.3 ,7.5 ,7.8 ,8.0 ,8.1 ,8.3 ,8.6 ,8.8 ,7.1 ,6.9 ,7.0 ,7.1 ,7.2 ,7.4 ,7.6 ,7.9 ,8.0 ,8.3 ,8.5 ,8.6 ,8.9 ,7.7 ,7.7 ,7.7 ,7.9 ,8.1 ,8.3 ,8.6 ,8.8 ,9.1 ,9.3 ,9.5 ,9.8 ,10.0 ,8.5 ,8.4 ,8.5 ,8.7 ,8.9 ,9.2 ,9.5 ,9.8 ,10.1 ,10.5 ,10.6 ,11.0 ,11.2 ,9.9 ,10.0 ,10.2 ,10.4 ,10.8 ,11.1 ,11.4 ,11.8 ,12.2 ,12.6 ,13.0 ,13.3 ,13.6 ,4.48E-06,1.15E-08,-1.62E-11,7.14E-07,7.97E-10,2.29E-01,-,-,616 ,658 ,-,65 ,77 ,54 ,55 ,55 ,56 ,57 ,58 ,59 ,60 ,61 ,62 ,63 ,63 ,64 ,65 ,66 ,67 ,67 ,68 ,69 ,70 ,70 ,71 ,72 ,73 ,73 ,74 ,75 ,75 ,76 ,77 ,77 ,78 ,79 ,79 ,80 ,81 ,81 ,82 ,82 ,83 ,0.819 ,111.5 ,42.7 ,0.306 ,670 ,7 ,65 ,1.83 ,1 ,3 ,4 ,,3.2 ,1.0 ,5.25 ,,,
15,L-LAH90,832401,837398,1.78602 ,1.79293 ,1.80058 ,1.80800 ,1.81069 ,1.81568 ,1.81926 ,1.82262 ,1.82605 ,1.82701 ,1.82792 ,1.83202 ,1.83220 ,1.83713 ,1.84680 ,1.84803 ,1.85707 ,1.85866 ,1.86881 ,1.88683 ,40.1 ,39.8 ,40.10 ,39.84 ,0.02075 ,0.020755 ,0.021011 ,0.015354 ,0.006789 ,0.006153 ,0.011081 ,0.026462 ,0.011860 ,0.010152 ,0.028165 ,0.016322 ,0.010113 ,0.010898 ,0.038801 ,0.7398 ,0.3271 ,0.2965 ,0.5339 ,1.2750 ,0.5714 ,0.4891 ,1.3570 ,0.7768 ,0.4813 ,0.5187 ,1.8467 ,0.0050 ,0.0026 ,-0.0064 ,-0.0052 ,-0.0322 ,1.97595301E+00,2.83924985E-01,1.35176368E+00,1.04276395E-02,4.27708222E-02,1.01453710E+02,,,,,,,410 ,,340 ,376 ,340 ,0.00 ,1.32 ,1.36 ,,,,,,,0.050 ,0.260 ,0.550 ,0.730 ,0.840 ,0.903 ,0.936 ,0.966 ,0.978 ,0.985 ,0.990 ,0.994 ,0.998 ,0.998 ,0.998 ,0.999 ,0.999 ,0.998 ,0.997 ,0.997 ,0.996 ,0.994 ,0.988 ,0.969 ,0.925 ,0.750 ,4.0 ,3.9 ,4.0 ,4.1 ,4.2 ,4.3 ,4.5 ,4.6 ,4.8 ,4.8 ,4.9 ,4.9 ,4.8 ,4.2 ,4.2 ,4.2 ,4.4 ,4.5 ,4.7 ,4.9 ,5.0 ,5.1 ,5.2 ,5.2 ,5.2 ,5.2 ,4.7 ,4.7 ,4.9 ,5.0 ,5.1 ,5.3 ,5.5 ,5.6 ,5.8 ,5.9 ,5.9 ,6.0 ,5.9 ,4.9 ,4.9 ,5.1 ,5.2 ,5.3 ,5.5 ,5.7 ,5.8 ,6.0 ,6.1 ,6.2 ,6.2 ,6.3 ,4.9 ,4.9 ,5.1 ,5.2 ,5.4 ,5.6 ,5.8 ,5.9 ,6.0 ,6.2 ,6.2 ,6.3 ,6.3 ,5.3 ,5.3 ,5.4 ,5.5 ,5.7 ,5.9 ,6.1 ,6.4 ,6.4 ,6.5 ,6.6 ,6.7 ,6.7 ,5.6 ,5.6 ,5.7 ,5.9 ,6.0 ,6.3 ,6.4 ,6.7 ,6.8 ,6.9 ,7.0 ,7.0 ,7.2 ,6.2 ,6.2 ,6.4 ,6.6 ,6.8 ,7.0 ,7.2 ,7.5 ,7.6 ,7.7 ,7.8 ,7.9 ,8.0 ,6.3 ,6.3 ,6.4 ,6.7 ,6.9 ,7.1 ,7.3 ,7.6 ,7.7 ,7.8 ,7.9 ,8.0 ,8.1 ,7.1 ,7.1 ,7.3 ,7.5 ,7.8 ,8.0 ,8.2 ,8.5 ,8.7 ,8.8 ,8.9 ,9.0 ,9.2 ,7.9 ,8.0 ,8.2 ,8.4 ,8.7 ,9.0 ,9.2 ,9.5 ,9.7 ,9.8 ,10.0 ,10.2 ,10.3 ,9.6 ,9.7 ,9.9 ,10.3 ,10.5 ,10.9 ,11.2 ,11.5 ,11.8 ,12.0 ,12.2 ,12.4 ,12.5 ,4.06E-06,1.45E-08,-3.20E-11,7.31E-07,4.80E-10,2.33E-01,578 ,597 ,615 ,654 ,677 ,62 ,76 ,49 ,50 ,52 ,53 ,54 ,55 ,56 ,57 ,58 ,59 ,60 ,61 ,62 ,63 ,64 ,65 ,66 ,67 ,68 ,69 ,69 ,70 ,71 ,72 ,73 ,73 ,74 ,75 ,75 ,76 ,76 ,77 ,78 ,78 ,79 ,79 ,80 ,80 ,81 ,81 ,0.839 ,114.8 ,44.0 ,0.304 ,660 ,7 ,80 ,1.93 ,1 ,3 ,2 ,,5.2 ,1.2 ,4.65 ,,,
16,L-LAH91,765491,768488,1.72404 ,1.73103 ,1.73852 ,1.74527 ,1.74758 ,1.75168 ,1.75453 ,1.75716 ,1.75981 ,1.76055 ,1.76125 ,1.76436 ,1.76450 ,1.76821 ,1.77538 ,1.77628 ,1.78284 ,1.78399 ,1.79120 ,1.80360 ,49.1 ,48.8 ,49.09 ,48.85 ,0.01557 ,0.015572 ,0.015726 ,0.012232 ,0.005282 ,0.004692 ,0.008400 ,0.019488 ,0.008608 ,0.007208 ,0.019614 ,0.012975 ,0.007657 ,0.008069 ,0.027325 ,0.7855 ,0.3392 ,0.3013 ,0.5394 ,1.2515 ,0.5528 ,0.4629 ,1.2596 ,0.8251 ,0.4869 ,0.5131 ,1.7376 ,0.0085 ,0.0038 ,-0.0113 ,-0.0092 ,-0.0544 ,1.26144128E+00,7.82115273E-01,1.15823645E+00,5.72512582E-03,2.19829752E-02,8.80482200E+01,,,,,,,365 ,,275 ,333 ,274 ,0.00 ,0.30 ,0.31 ,0.150 ,0.320 ,0.460 ,0.590 ,0.690 ,0.780 ,0.850 ,0.902 ,0.937 ,0.954 ,0.973 ,0.981 ,0.986 ,0.991 ,0.993 ,0.996 ,0.997 ,0.998 ,0.999 ,0.999 ,0.999 ,0.999 ,0.999 ,0.999 ,0.999 ,0.999 ,0.997 ,0.996 ,0.988 ,0.963 ,0.905 ,0.670 ,4.2 ,4.4 ,4.5 ,4.8 ,5.0 ,5.2 ,5.4 ,5.6 ,5.7 ,5.7 ,5.7 ,5.9 ,5.7 ,4.5 ,4.6 ,4.9 ,5.0 ,5.2 ,5.5 ,5.7 ,5.9 ,6.1 ,6.0 ,6.0 ,6.1 ,6.0 ,5.0 ,5.1 ,5.4 ,5.5 ,5.7 ,6.0 ,6.2 ,6.4 ,6.6 ,6.6 ,6.6 ,6.7 ,6.6 ,5.1 ,5.3 ,5.5 ,5.7 ,6.0 ,6.2 ,6.5 ,6.5 ,6.8 ,6.8 ,6.8 ,6.9 ,6.7 ,5.2 ,5.3 ,5.5 ,5.7 ,6.1 ,6.2 ,6.5 ,6.6 ,6.8 ,6.9 ,6.9 ,6.9 ,6.8 ,5.4 ,5.5 ,5.8 ,6.0 ,6.3 ,6.5 ,6.8 ,6.9 ,7.1 ,7.1 ,7.1 ,7.2 ,7.1 ,5.8 ,5.9 ,6.0 ,6.3 ,6.6 ,6.7 ,7.0 ,7.1 ,7.3 ,7.4 ,7.4 ,7.4 ,7.3 ,6.2 ,6.4 ,6.5 ,6.8 ,7.1 ,7.3 ,7.6 ,7.6 ,7.9 ,7.9 ,7.9 ,8.0 ,7.9 ,6.3 ,6.4 ,6.6 ,6.9 ,7.1 ,7.4 ,7.6 ,7.7 ,8.0 ,8.0 ,8.0 ,8.1 ,7.9 ,6.9 ,7.0 ,7.3 ,7.5 ,7.7 ,8.0 ,8.2 ,8.3 ,8.6 ,8.6 ,8.6 ,8.7 ,8.6 ,7.5 ,7.5 ,7.8 ,8.1 ,8.3 ,8.6 ,8.8 ,8.9 ,9.2 ,9.2 ,9.2 ,9.3 ,9.2 ,8.5 ,8.7 ,8.9 ,9.2 ,9.4 ,9.7 ,9.9 ,10.1 ,10.3 ,10.3 ,10.3 ,10.4 ,10.3 ,5.92E-06,1.82E-08,-4.52E-11,6.84E-07,8.17E-11,1.81E-01,578 ,599 ,620 ,650 ,676 ,59 ,73 ,45 ,47 ,48 ,49 ,50 ,52 ,53 ,54 ,55 ,56 ,57 ,58 ,59 ,60 ,61 ,62 ,63 ,64 ,65 ,66 ,67 ,67 ,68 ,69 ,70 ,70 ,71 ,72 ,72 ,73 ,74 ,74 ,75 ,75 ,76 ,76 ,77 ,77 ,78 ,78 ,0.841 ,114.4 ,43.9 ,0.301 ,680 ,7 ,68 ,1.71 ,1 ,4 ,2 ,,52.2 ,2.0 ,4.29 ,,,
17,L-LAH94,861371,867368,1.81215 ,1.81904 ,1.82677 ,1.83449 ,1.83736 ,1.84276 ,1.84667 ,1.85038 ,1.85416 ,1.85523 ,1.85624 ,1.86080 ,1.86100 ,1.86650 ,1.87737 ,1.87875 ,1.88899 ,1.89080 ,1.90238 ,,37.1 ,36.8 ,37.10 ,36.85 ,0.02321 ,0.023209 ,0.023517 ,0.016800 ,0.007490 ,0.006839 ,0.012343 ,0.029797 ,0.013427 ,0.011584 ,,0.017873 ,0.011270 ,0.012247 ,,0.7239 ,0.3227 ,0.2947 ,0.5318 ,1.2839 ,0.5785 ,0.4991 ,,0.7600 ,0.4792 ,0.5208 ,,0.0032 ,0.0019 ,-0.0038 ,-0.0029 ,,2.00621420E+00,3.47029888E-01,1.41688382E+00,1.05499238E-02,4.45845013E-02,1.05995250E+02,,,,,,,,390 ,350 ,385 ,349 ,0.00 ,1.80 ,1.88 ,,,,,,,,0.060 ,0.310 ,0.580 ,0.750 ,0.850 ,0.908 ,0.957 ,0.975 ,0.983 ,0.989 ,0.993 ,0.998 ,0.998 ,0.999 ,0.999 ,0.999 ,0.998 ,0.999 ,0.999 ,0.997 ,0.996 ,0.989 ,0.970 ,0.923 ,0.740 ,3.8 ,3.8 ,3.8 ,4.0 ,4.2 ,4.3 ,4.5 ,4.5 ,4.6 ,4.7 ,4.7 ,4.6 ,4.5 ,4.0 ,4.1 ,4.2 ,4.3 ,4.5 ,4.7 ,4.8 ,4.9 ,5.0 ,5.1 ,5.1 ,5.0 ,4.9 ,4.6 ,4.7 ,4.8 ,4.9 ,5.1 ,5.3 ,5.4 ,5.7 ,5.7 ,5.8 ,5.8 ,5.8 ,5.8 ,4.8 ,4.9 ,5.0 ,5.1 ,5.3 ,5.5 ,5.7 ,5.9 ,5.9 ,6.0 ,6.1 ,6.1 ,6.1 ,4.9 ,4.9 ,5.0 ,5.2 ,5.3 ,5.6 ,5.7 ,6.0 ,6.0 ,6.1 ,6.1 ,6.1 ,6.2 ,5.2 ,5.2 ,5.3 ,5.6 ,5.8 ,5.9 ,6.1 ,6.3 ,6.4 ,6.5 ,6.6 ,6.6 ,6.6 ,5.5 ,5.6 ,5.7 ,5.9 ,6.2 ,6.3 ,6.5 ,6.7 ,6.8 ,7.0 ,7.0 ,7.0 ,7.1 ,6.2 ,6.3 ,6.5 ,6.7 ,6.9 ,7.2 ,7.4 ,7.6 ,7.8 ,7.9 ,8.0 ,8.0 ,8.1 ,6.3 ,6.4 ,6.6 ,6.8 ,7.1 ,7.3 ,7.6 ,7.7 ,7.9 ,8.0 ,8.1 ,8.1 ,8.2 ,7.2 ,7.3 ,7.5 ,7.8 ,8.1 ,8.4 ,8.7 ,8.9 ,9.1 ,9.2 ,9.3 ,9.5 ,9.5 ,8.3 ,8.4 ,8.6 ,8.9 ,9.2 ,9.6 ,9.9 ,10.1 ,10.4 ,10.7 ,10.8 ,10.9 ,11.0 ,-,-,-,-,-,-,-,-,-,-,-,-,-,3.85E-06,1.40E-08,-3.60E-11,7.02E-07,5.70E-10,2.63E-01,560 ,583 ,595 ,635 ,664 ,66 ,81 ,53 ,54 ,55 ,57 ,58 ,59 ,60 ,61 ,62 ,64 ,65 ,66 ,67 ,68 ,69 ,70 ,71 ,72 ,73 ,73 ,74 ,75 ,76 ,77 ,77 ,78 ,79 ,79 ,80 ,81 ,81 ,82 ,82 ,83 ,83 ,84 ,84 ,85 ,85 ,86 ,0.817 ,112.1 ,43.0 ,0.305 ,650 ,7 ,81 ,1.71 ,1 ,3 ,3 ,,51.2 ,2.0 ,4.89 ,,,
,,,,,,,,,,,,,,,,,,,,,,,,,,,,,,,,,,,,,,,,,,,,,,,,,,,,,,,,,,,,,,,,,,,,,,,,,,,,,,,,,,,,,,,,,,,,,,,,,,,,,,,,,,,,,,,,,,,,,,,,,,,,,,,,,,,,,,,,,,,,,,,,,,,,,,,,,,,,,,,,,,,,,,,,,,,,,,,,,,,,,,,,,,,,,,,,,,,,,,,,,,,,,,,,,,,,,,,,,,,,,,,,,,,,,,,,,,,,,,,,,,,,,,,,,,,,,,,,,,,,,,,,,,,,,,,,,,,,,,,,,,,,,,,,,,,,,,,,,,,,,,,,,,,,,,,,,,,,,,,,,,,,,,,,,,,,,,,,,,
,,,,,,,,,,,,,,,,,,,,,,,,,,,,,,,,,,,,,,,,,,,,,,,,,,,,,,,,,,,,,,,,,,,,,,,,,,,,,,,,,,,,,,,,,,,,,,,,,,,,,,,,,,,,,,,,,,,,,,,,,,,,,,,,,,,,,,,,,,,,,,,,,,,,,,,,,,,,,,,,,,,,,,,,,,,,,,,,,,,,,,,,,,,,,,,,,,,,,,,,,,,,,,,,,,,,,,,,,,,,,,,,,,,,,,,,,,,,,,,,,,,,,,,,,,,,,,,,,,,,,,,,,,,,,,,,,,,,,,,,,,,,,,,,,,,,,,,,,,,,,,,,,,,,,,,,,,,,,,,,,,,,,,,,,,,,,,,,,,
,,,,,,,,,,,,,,,,,,,,,,,,,,,,,,,,,,,,,,,,,,,,,,,,,,,,,,,,,,,,,,,,,,,,,,,,,,,,,,,,,,,,,,,,,,,,,,,,,,,,,,,,,,,,,,,,,,,,,,,,,,,,,,,,,,,,,,,,,,,,,,,,,,,,,,,,,,,,,,,,,,,,,,,,,,,,,,,,,,,,,,,,,,,,,,,,,,,,,,,,,,,,,,,,,,,,,,,,,,,,,,,,,,,,,,,,,,,,,,,,,,,,,,,,,,,,,,,,,,,,,,,,,,,,,,,,,,,,,,,,,,,,,,,,,,,,,,,,,,,,,,,,,,,,,,,,,,,,,,,,,,,,,,,,,,,,,,,,,,
,,,,,,,,,,,,,,,,,,,,,,,,,,,,,,,,,,,,,,,,,,,,,,,,,,,,,,,,,,,,,,,,,,,,,,,,,,,,,,,,,,,,,,,,,,,,,,,,,,,,,,,,,,,,,,,,,,,,,,,,,,,,,,,,,,,,,,,,,,,,,,,,,,,,,,,,,,,,,,,,,,,,,,,,,,,,,,,,,,,,,,,,,,,,,,,,,,,,,,,,,,,,,,,,,,,,,,,,,,,,,,,,,,,,,,,,,,,,,,,,,,,,,,,,,,,,,,,,,,,,,,,,,,,,,,,,,,,,,,,,,,,,,,,,,,,,,,,,,,,,,,,,,,,,,,,,,,,,,,,,,,,,,,,,,,,,,,,,,,
,,,,,,,,,,,,,,,,,,,,,,,,,,,,,,,,,,,,,,,,,,,,,,,,,,,,,,,,,,,,,,,,,,,,,,,,,,,,,,,,,,,,,,,,,,,,,,,,,,,,,,,,,,,,,,,,,,,,,,,,,,,,,,,,,,,,,,,,,,,,,,,,,,,,,,,,,,,,,,,,,,,,,,,,,,,,,,,,,,,,,,,,,,,,,,,,,,,,,,,,,,,,,,,,,,,,,,,,,,,,,,,,,,,,,,,,,,,,,,,,,,,,,,,,,,,,,,,,,,,,,,,,,,,,,,,,,,,,,,,,,,,,,,,,,,,,,,,,,,,,,,,,,,,,,,,,,,,,,,,,,,,,,,,,,,,,,,,,,,
,,,,,,,,,,,,,,,,,,,,,,,,,,,,,,,,,,,,,,,,,,,,,,,,,,,,,,,,,,,,,,,,,,,,,,,,,,,,,,,,,,,,,,,,,,,,,,,,,,,,,,,,,,,,,,,,,,,,,,,,,,,,,,,,,,,,,,,,,,,,,,,,,,,,,,,,,,,,,,,,,,,,,,,,,,,,,,,,,,,,,,,,,,,,,,,,,,,,,,,,,,,,,,,,,,,,,,,,,,,,,,,,,,,,,,,,,,,,,,,,,,,,,,,,,,,,,,,,,,,,,,,,,,,,,,,,,,,,,,,,,,,,,,,,,,,,,,,,,,,,,,,,,,,,,,,,,,,,,,,,,,,,,,,,,,,,,,,,,,
,,,,,,,,,,,,,,,,,,,,,,,,,,,,,,,,,,,,,,,,,,,,,,,,,,,,,,,,,,,,,,,,,,,,,,,,,,,,,,,,,,,,,,,,,,,,,,,,,,,,,,,,,,,,,,,,,,,,,,,,,,,,,,,,,,,,,,,,,,,,,,,,,,,,,,,,,,,,,,,,,,,,,,,,,,,,,,,,,,,,,,,,,,,,,,,,,,,,,,,,,,,,,,,,,,,,,,,,,,,,,,,,,,,,,,,,,,,,,,,,,,,,,,,,,,,,,,,,,,,,,,,,,,,,,,,,,,,,,,,,,,,,,,,,,,,,,,,,,,,,,,,,,,,,,,,,,,,,,,,,,,,,,,,,,,,,,,,,,,
,,,,,,,,,,,,,,,,,,,,,,,,,,,,,,,,,,,,,,,,,,,,,,,,,,,,,,,,,,,,,,,,,,,,,,,,,,,,,,,,,,,,,,,,,,,,,,,,,,,,,,,,,,,,,,,,,,,,,,,,,,,,,,,,,,,,,,,,,,,,,,,,,,,,,,,,,,,,,,,,,,,,,,,,,,,,,,,,,,,,,,,,,,,,,,,,,,,,,,,,,,,,,,,,,,,,,,,,,,,,,,,,,,,,,,,,,,,,,,,,,,,,,,,,,,,,,,,,,,,,,,,,,,,,,,,,,,,,,,,,,,,,,,,,,,,,,,,,,,,,,,,,,,,,,,,,,,,,,,,,,,,,,,,,,,,,,,,,,,
,,,,,,,,,,,,,,,,,,,,,,,,,,,,,,,,,,,,,,,,,,,,,,,,,,,,,,,,,,,,,,,,,,,,,,,,,,,,,,,,,,,,,,,,,,,,,,,,,,,,,,,,,,,,,,,,,,,,,,,,,,,,,,,,,,,,,,,,,,,,,,,,,,,,,,,,,,,,,,,,,,,,,,,,,,,,,,,,,,,,,,,,,,,,,,,,,,,,,,,,,,,,,,,,,,,,,,,,,,,,,,,,,,,,,,,,,,,,,,,,,,,,,,,,,,,,,,,,,,,,,,,,,,,,,,,,,,,,,,,,,,,,,,,,,,,,,,,,,,,,,,,,,,,,,,,,,,,,,,,,,,,,,,,,,,,,,,,,,,
,,,,,,,,,,,,,,,,,,,,,,,,,,,,,,,,,,,,,,,,,,,,,,,,,,,,,,,,,,,,,,,,,,,,,,,,,,,,,,,,,,,,,,,,,,,,,,,,,,,,,,,,,,,,,,,,,,,,,,,,,,,,,,,,,,,,,,,,,,,,,,,,,,,,,,,,,,,,,,,,,,,,,,,,,,,,,,,,,,,,,,,,,,,,,,,,,,,,,,,,,,,,,,,,,,,,,,,,,,,,,,,,,,,,,,,,,,,,,,,,,,,,,,,,,,,,,,,,,,,,,,,,,,,,,,,,,,,,,,,,,,,,,,,,,,,,,,,,,,,,,,,,,,,,,,,,,,,,,,,,,,,,,,,,,,,,,,,,,,
,,,,,,,,,,,,,,,,,,,,,,,,,,,,,,,,,,,,,,,,,,,,,,,,,,,,,,,,,,,,,,,,,,,,,,,,,,,,,,,,,,,,,,,,,,,,,,,,,,,,,,,,,,,,,,,,,,,,,,,,,,,,,,,,,,,,,,,,,,,,,,,,,,,,,,,,,,,,,,,,,,,,,,,,,,,,,,,,,,,,,,,,,,,,,,,,,,,,,,,,,,,,,,,,,,,,,,,,,,,,,,,,,,,,,,,,,,,,,,,,,,,,,,,,,,,,,,,,,,,,,,,,,,,,,,,,,,,,,,,,,,,,,,,,,,,,,,,,,,,,,,,,,,,,,,,,,,,,,,,,,,,,,,,,,,,,,,,,,,
,,,,,,,,,,,,,,,,,,,,,,,,,,,,,,,,,,,,,,,,,,,,,,,,,,,,,,,,,,,,,,,,,,,,,,,,,,,,,,,,,,,,,,,,,,,,,,,,,,,,,,,,,,,,,,,,,,,,,,,,,,,,,,,,,,,,,,,,,,,,,,,,,,,,,,,,,,,,,,,,,,,,,,,,,,,,,,,,,,,,,,,,,,,,,,,,,,,,,,,,,,,,,,,,,,,,,,,,,,,,,,,,,,,,,,,,,,,,,,,,,,,,,,,,,,,,,,,,,,,,,,,,,,,,,,,,,,,,,,,,,,,,,,,,,,,,,,,,,,,,,,,,,,,,,,,,,,,,,,,,,,,,,,,,,,,,,,,,,,
,,,,,,,,,,,,,,,,,,,,,,,,,,,,,,,,,,,,,,,,,,,,,,,,,,,,,,,,,,,,,,,,,,,,,,,,,,,,,,,,,,,,,,,,,,,,,,,,,,,,,,,,,,,,,,,,,,,,,,,,,,,,,,,,,,,,,,,,,,,,,,,,,,,,,,,,,,,,,,,,,,,,,,,,,,,,,,,,,,,,,,,,,,,,,,,,,,,,,,,,,,,,,,,,,,,,,,,,,,,,,,,,,,,,,,,,,,,,,,,,,,,,,,,,,,,,,,,,,,,,,,,,,,,,,,,,,,,,,,,,,,,,,,,,,,,,,,,,,,,,,,,,,,,,,,,,,,,,,,,,,,,,,,,,,,,,,,,,,,
,,,,,,,,,,,,,,,,,,,,,,,,,,,,,,,,,,,,,,,,,,,,,,,,,,,,,,,,,,,,,,,,,,,,,,,,,,,,,,,,,,,,,,,,,,,,,,,,,,,,,,,,,,,,,,,,,,,,,,,,,,,,,,,,,,,,,,,,,,,,,,,,,,,,,,,,,,,,,,,,,,,,,,,,,,,,,,,,,,,,,,,,,,,,,,,,,,,,,,,,,,,,,,,,,,,,,,,,,,,,,,,,,,,,,,,,,,,,,,,,,,,,,,,,,,,,,,,,,,,,,,,,,,,,,,,,,,,,,,,,,,,,,,,,,,,,,,,,,,,,,,,,,,,,,,,,,,,,,,,,,,,,,,,,,,,,,,,,,,
,,,,,,,,,,,,,,,,,,,,,,,,,,,,,,,,,,,,,,,,,,,,,,,,,,,,,,,,,,,,,,,,,,,,,,,,,,,,,,,,,,,,,,,,,,,,,,,,,,,,,,,,,,,,,,,,,,,,,,,,,,,,,,,,,,,,,,,,,,,,,,,,,,,,,,,,,,,,,,,,,,,,,,,,,,,,,,,,,,,,,,,,,,,,,,,,,,,,,,,,,,,,,,,,,,,,,,,,,,,,,,,,,,,,,,,,,,,,,,,,,,,,,,,,,,,,,,,,,,,,,,,,,,,,,,,,,,,,,,,,,,,,,,,,,,,,,,,,,,,,,,,,,,,,,,,,,,,,,,,,,,,,,,,,,,,,,,,,,,
,,,,,,,,,,,,,,,,,,,,,,,,,,,,,,,,,,,,,,,,,,,,,,,,,,,,,,,,,,,,,,,,,,,,,,,,,,,,,,,,,,,,,,,,,,,,,,,,,,,,,,,,,,,,,,,,,,,,,,,,,,,,,,,,,,,,,,,,,,,,,,,,,,,,,,,,,,,,,,,,,,,,,,,,,,,,,,,,,,,,,,,,,,,,,,,,,,,,,,,,,,,,,,,,,,,,,,,,,,,,,,,,,,,,,,,,,,,,,,,,,,,,,,,,,,,,,,,,,,,,,,,,,,,,,,,,,,,,,,,,,,,,,,,,,,,,,,,,,,,,,,,,,,,,,,,,,,,,,,,,,,,,,,,,,,,,,,,,,,
,,,,,,,,,,,,,,,,,,,,,,,,,,,,,,,,,,,,,,,,,,,,,,,,,,,,,,,,,,,,,,,,,,,,,,,,,,,,,,,,,,,,,,,,,,,,,,,,,,,,,,,,,,,,,,,,,,,,,,,,,,,,,,,,,,,,,,,,,,,,,,,,,,,,,,,,,,,,,,,,,,,,,,,,,,,,,,,,,,,,,,,,,,,,,,,,,,,,,,,,,,,,,,,,,,,,,,,,,,,,,,,,,,,,,,,,,,,,,,,,,,,,,,,,,,,,,,,,,,,,,,,,,,,,,,,,,,,,,,,,,,,,,,,,,,,,,,,,,,,,,,,,,,,,,,,,,,,,,,,,,,,,,,,,,,,,,,,,,,
,,,,,,,,,,,,,,,,,,,,,,,,,,,,,,,,,,,,,,,,,,,,,,,,,,,,,,,,,,,,,,,,,,,,,,,,,,,,,,,,,,,,,,,,,,,,,,,,,,,,,,,,,,,,,,,,,,,,,,,,,,,,,,,,,,,,,,,,,,,,,,,,,,,,,,,,,,,,,,,,,,,,,,,,,,,,,,,,,,,,,,,,,,,,,,,,,,,,,,,,,,,,,,,,,,,,,,,,,,,,,,,,,,,,,,,,,,,,,,,,,,,,,,,,,,,,,,,,,,,,,,,,,,,,,,,,,,,,,,,,,,,,,,,,,,,,,,,,,,,,,,,,,,,,,,,,,,,,,,,,,,,,,,,,,,,,,,,,,,
,,,,,,,,,,,,,,,,,,,,,,,,,,,,,,,,,,,,,,,,,,,,,,,,,,,,,,,,,,,,,,,,,,,,,,,,,,,,,,,,,,,,,,,,,,,,,,,,,,,,,,,,,,,,,,,,,,,,,,,,,,,,,,,,,,,,,,,,,,,,,,,,,,,,,,,,,,,,,,,,,,,,,,,,,,,,,,,,,,,,,,,,,,,,,,,,,,,,,,,,,,,,,,,,,,,,,,,,,,,,,,,,,,,,,,,,,,,,,,,,,,,,,,,,,,,,,,,,,,,,,,,,,,,,,,,,,,,,,,,,,,,,,,,,,,,,,,,,,,,,,,,,,,,,,,,,,,,,,,,,,,,,,,,,,,,,,,,,,,
,,,,,,,,,,,,,,,,,,,,,,,,,,,,,,,,,,,,,,,,,,,,,,,,,,,,,,,,,,,,,,,,,,,,,,,,,,,,,,,,,,,,,,,,,,,,,,,,,,,,,,,,,,,,,,,,,,,,,,,,,,,,,,,,,,,,,,,,,,,,,,,,,,,,,,,,,,,,,,,,,,,,,,,,,,,,,,,,,,,,,,,,,,,,,,,,,,,,,,,,,,,,,,,,,,,,,,,,,,,,,,,,,,,,,,,,,,,,,,,,,,,,,,,,,,,,,,,,,,,,,,,,,,,,,,,,,,,,,,,,,,,,,,,,,,,,,,,,,,,,,,,,,,,,,,,,,,,,,,,,,,,,,,,,,,,,,,,,,,
,,,,,,,,,,,,,,,,,,,,,,,,,,,,,,,,,,,,,,,,,,,,,,,,,,,,,,,,,,,,,,,,,,,,,,,,,,,,,,,,,,,,,,,,,,,,,,,,,,,,,,,,,,,,,,,,,,,,,,,,,,,,,,,,,,,,,,,,,,,,,,,,,,,,,,,,,,,,,,,,,,,,,,,,,,,,,,,,,,,,,,,,,,,,,,,,,,,,,,,,,,,,,,,,,,,,,,,,,,,,,,,,,,,,,,,,,,,,,,,,,,,,,,,,,,,,,,,,,,,,,,,,,,,,,,,,,,,,,,,,,,,,,,,,,,,,,,,,,,,,,,,,,,,,,,,,,,,,,,,,,,,,,,,,,,,,,,,,,,
,,,,,,,,,,,,,,,,,,,,,,,,,,,,,,,,,,,,,,,,,,,,,,,,,,,,,,,,,,,,,,,,,,,,,,,,,,,,,,,,,,,,,,,,,,,,,,,,,,,,,,,,,,,,,,,,,,,,,,,,,,,,,,,,,,,,,,,,,,,,,,,,,,,,,,,,,,,,,,,,,,,,,,,,,,,,,,,,,,,,,,,,,,,,,,,,,,,,,,,,,,,,,,,,,,,,,,,,,,,,,,,,,,,,,,,,,,,,,,,,,,,,,,,,,,,,,,,,,,,,,,,,,,,,,,,,,,,,,,,,,,,,,,,,,,,,,,,,,,,,,,,,,,,,,,,,,,,,,,,,,,,,,,,,,,,,,,,,,,
,,,,,,,,,,,,,,,,,,,,,,,,,,,,,,,,,,,,,,,,,,,,,,,,,,,,,,,,,,,,,,,,,,,,,,,,,,,,,,,,,,,,,,,,,,,,,,,,,,,,,,,,,,,,,,,,,,,,,,,,,,,,,,,,,,,,,,,,,,,,,,,,,,,,,,,,,,,,,,,,,,,,,,,,,,,,,,,,,,,,,,,,,,,,,,,,,,,,,,,,,,,,,,,,,,,,,,,,,,,,,,,,,,,,,,,,,,,,,,,,,,,,,,,,,,,,,,,,,,,,,,,,,,,,,,,,,,,,,,,,,,,,,,,,,,,,,,,,,,,,,,,,,,,,,,,,,,,,,,,,,,,,,,,,,,,,,,,,,,
,,,,,,,,,,,,,,,,,,,,,,,,,,,,,,,,,,,,,,,,,,,,,,,,,,,,,,,,,,,,,,,,,,,,,,,,,,,,,,,,,,,,,,,,,,,,,,,,,,,,,,,,,,,,,,,,,,,,,,,,,,,,,,,,,,,,,,,,,,,,,,,,,,,,,,,,,,,,,,,,,,,,,,,,,,,,,,,,,,,,,,,,,,,,,,,,,,,,,,,,,,,,,,,,,,,,,,,,,,,,,,,,,,,,,,,,,,,,,,,,,,,,,,,,,,,,,,,,,,,,,,,,,,,,,,,,,,,,,,,,,,,,,,,,,,,,,,,,,,,,,,,,,,,,,,,,,,,,,,,,,,,,,,,,,,,,,,,,,,
,,,,,,,,,,,,,,,,,,,,,,,,,,,,,,,,,,,,,,,,,,,,,,,,,,,,,,,,,,,,,,,,,,,,,,,,,,,,,,,,,,,,,,,,,,,,,,,,,,,,,,,,,,,,,,,,,,,,,,,,,,,,,,,,,,,,,,,,,,,,,,,,,,,,,,,,,,,,,,,,,,,,,,,,,,,,,,,,,,,,,,,,,,,,,,,,,,,,,,,,,,,,,,,,,,,,,,,,,,,,,,,,,,,,,,,,,,,,,,,,,,,,,,,,,,,,,,,,,,,,,,,,,,,,,,,,,,,,,,,,,,,,,,,,,,,,,,,,,,,,,,,,,,,,,,,,,,,,,,,,,,,,,,,,,,,,,,,,,,
,,,,,,,,,,,,,,,,,,,,,,,,,,,,,,,,,,,,,,,,,,,,,,,,,,,,,,,,,,,,,,,,,,,,,,,,,,,,,,,,,,,,,,,,,,,,,,,,,,,,,,,,,,,,,,,,,,,,,,,,,,,,,,,,,,,,,,,,,,,,,,,,,,,,,,,,,,,,,,,,,,,,,,,,,,,,,,,,,,,,,,,,,,,,,,,,,,,,,,,,,,,,,,,,,,,,,,,,,,,,,,,,,,,,,,,,,,,,,,,,,,,,,,,,,,,,,,,,,,,,,,,,,,,,,,,,,,,,,,,,,,,,,,,,,,,,,,,,,,,,,,,,,,,,,,,,,,,,,,,,,,,,,,,,,,,,,,,,,,
,,,,,,,,,,,,,,,,,,,,,,,,,,,,,,,,,,,,,,,,,,,,,,,,,,,,,,,,,,,,,,,,,,,,,,,,,,,,,,,,,,,,,,,,,,,,,,,,,,,,,,,,,,,,,,,,,,,,,,,,,,,,,,,,,,,,,,,,,,,,,,,,,,,,,,,,,,,,,,,,,,,,,,,,,,,,,,,,,,,,,,,,,,,,,,,,,,,,,,,,,,,,,,,,,,,,,,,,,,,,,,,,,,,,,,,,,,,,,,,,,,,,,,,,,,,,,,,,,,,,,,,,,,,,,,,,,,,,,,,,,,,,,,,,,,,,,,,,,,,,,,,,,,,,,,,,,,,,,,,,,,,,,,,,,,,,,,,,,,
,,,,,,,,,,,,,,,,,,,,,,,,,,,,,,,,,,,,,,,,,,,,,,,,,,,,,,,,,,,,,,,,,,,,,,,,,,,,,,,,,,,,,,,,,,,,,,,,,,,,,,,,,,,,,,,,,,,,,,,,,,,,,,,,,,,,,,,,,,,,,,,,,,,,,,,,,,,,,,,,,,,,,,,,,,,,,,,,,,,,,,,,,,,,,,,,,,,,,,,,,,,,,,,,,,,,,,,,,,,,,,,,,,,,,,,,,,,,,,,,,,,,,,,,,,,,,,,,,,,,,,,,,,,,,,,,,,,,,,,,,,,,,,,,,,,,,,,,,,,,,,,,,,,,,,,,,,,,,,,,,,,,,,,,,,,,,,,,,,
,,,,,,,,,,,,,,,,,,,,,,,,,,,,,,,,,,,,,,,,,,,,,,,,,,,,,,,,,,,,,,,,,,,,,,,,,,,,,,,,,,,,,,,,,,,,,,,,,,,,,,,,,,,,,,,,,,,,,,,,,,,,,,,,,,,,,,,,,,,,,,,,,,,,,,,,,,,,,,,,,,,,,,,,,,,,,,,,,,,,,,,,,,,,,,,,,,,,,,,,,,,,,,,,,,,,,,,,,,,,,,,,,,,,,,,,,,,,,,,,,,,,,,,,,,,,,,,,,,,,,,,,,,,,,,,,,,,,,,,,,,,,,,,,,,,,,,,,,,,,,,,,,,,,,,,,,,,,,,,,,,,,,,,,,,,,,,,,,,
,,,,,,,,,,,,,,,,,,,,,,,,,,,,,,,,,,,,,,,,,,,,,,,,,,,,,,,,,,,,,,,,,,,,,,,,,,,,,,,,,,,,,,,,,,,,,,,,,,,,,,,,,,,,,,,,,,,,,,,,,,,,,,,,,,,,,,,,,,,,,,,,,,,,,,,,,,,,,,,,,,,,,,,,,,,,,,,,,,,,,,,,,,,,,,,,,,,,,,,,,,,,,,,,,,,,,,,,,,,,,,,,,,,,,,,,,,,,,,,,,,,,,,,,,,,,,,,,,,,,,,,,,,,,,,,,,,,,,,,,,,,,,,,,,,,,,,,,,,,,,,,,,,,,,,,,,,,,,,,,,,,,,,,,,,,,,,,,,,
,,,,,,,,,,,,,,,,,,,,,,,,,,,,,,,,,,,,,,,,,,,,,,,,,,,,,,,,,,,,,,,,,,,,,,,,,,,,,,,,,,,,,,,,,,,,,,,,,,,,,,,,,,,,,,,,,,,,,,,,,,,,,,,,,,,,,,,,,,,,,,,,,,,,,,,,,,,,,,,,,,,,,,,,,,,,,,,,,,,,,,,,,,,,,,,,,,,,,,,,,,,,,,,,,,,,,,,,,,,,,,,,,,,,,,,,,,,,,,,,,,,,,,,,,,,,,,,,,,,,,,,,,,,,,,,,,,,,,,,,,,,,,,,,,,,,,,,,,,,,,,,,,,,,,,,,,,,,,,,,,,,,,,,,,,,,,,,,,,
,,,,,,,,,,,,,,,,,,,,,,,,,,,,,,,,,,,,,,,,,,,,,,,,,,,,,,,,,,,,,,,,,,,,,,,,,,,,,,,,,,,,,,,,,,,,,,,,,,,,,,,,,,,,,,,,,,,,,,,,,,,,,,,,,,,,,,,,,,,,,,,,,,,,,,,,,,,,,,,,,,,,,,,,,,,,,,,,,,,,,,,,,,,,,,,,,,,,,,,,,,,,,,,,,,,,,,,,,,,,,,,,,,,,,,,,,,,,,,,,,,,,,,,,,,,,,,,,,,,,,,,,,,,,,,,,,,,,,,,,,,,,,,,,,,,,,,,,,,,,,,,,,,,,,,,,,,,,,,,,,,,,,,,,,,,,,,,,,,
,,,,,,,,,,,,,,,,,,,,,,,,,,,,,,,,,,,,,,,,,,,,,,,,,,,,,,,,,,,,,,,,,,,,,,,,,,,,,,,,,,,,,,,,,,,,,,,,,,,,,,,,,,,,,,,,,,,,,,,,,,,,,,,,,,,,,,,,,,,,,,,,,,,,,,,,,,,,,,,,,,,,,,,,,,,,,,,,,,,,,,,,,,,,,,,,,,,,,,,,,,,,,,,,,,,,,,,,,,,,,,,,,,,,,,,,,,,,,,,,,,,,,,,,,,,,,,,,,,,,,,,,,,,,,,,,,,,,,,,,,,,,,,,,,,,,,,,,,,,,,,,,,,,,,,,,,,,,,,,,,,,,,,,,,,,,,,,,,,
,,,,,,,,,,,,,,,,,,,,,,,,,,,,,,,,,,,,,,,,,,,,,,,,,,,,,,,,,,,,,,,,,,,,,,,,,,,,,,,,,,,,,,,,,,,,,,,,,,,,,,,,,,,,,,,,,,,,,,,,,,,,,,,,,,,,,,,,,,,,,,,,,,,,,,,,,,,,,,,,,,,,,,,,,,,,,,,,,,,,,,,,,,,,,,,,,,,,,,,,,,,,,,,,,,,,,,,,,,,,,,,,,,,,,,,,,,,,,,,,,,,,,,,,,,,,,,,,,,,,,,,,,,,,,,,,,,,,,,,,,,,,,,,,,,,,,,,,,,,,,,,,,,,,,,,,,,,,,,,,,,,,,,,,,,,,,,,,,,
,,,,,,,,,,,,,,,,,,,,,,,,,,,,,,,,,,,,,,,,,,,,,,,,,,,,,,,,,,,,,,,,,,,,,,,,,,,,,,,,,,,,,,,,,,,,,,,,,,,,,,,,,,,,,,,,,,,,,,,,,,,,,,,,,,,,,,,,,,,,,,,,,,,,,,,,,,,,,,,,,,,,,,,,,,,,,,,,,,,,,,,,,,,,,,,,,,,,,,,,,,,,,,,,,,,,,,,,,,,,,,,,,,,,,,,,,,,,,,,,,,,,,,,,,,,,,,,,,,,,,,,,,,,,,,,,,,,,,,,,,,,,,,,,,,,,,,,,,,,,,,,,,,,,,,,,,,,,,,,,,,,,,,,,,,,,,,,,,,
,,,,,,,,,,,,,,,,,,,,,,,,,,,,,,,,,,,,,,,,,,,,,,,,,,,,,,,,,,,,,,,,,,,,,,,,,,,,,,,,,,,,,,,,,,,,,,,,,,,,,,,,,,,,,,,,,,,,,,,,,,,,,,,,,,,,,,,,,,,,,,,,,,,,,,,,,,,,,,,,,,,,,,,,,,,,,,,,,,,,,,,,,,,,,,,,,,,,,,,,,,,,,,,,,,,,,,,,,,,,,,,,,,,,,,,,,,,,,,,,,,,,,,,,,,,,,,,,,,,,,,,,,,,,,,,,,,,,,,,,,,,,,,,,,,,,,,,,,,,,,,,,,,,,,,,,,,,,,,,,,,,,,,,,,,,,,,,,,,
,,,,,,,,,,,,,,,,,,,,,,,,,,,,,,,,,,,,,,,,,,,,,,,,,,,,,,,,,,,,,,,,,,,,,,,,,,,,,,,,,,,,,,,,,,,,,,,,,,,,,,,,,,,,,,,,,,,,,,,,,,,,,,,,,,,,,,,,,,,,,,,,,,,,,,,,,,,,,,,,,,,,,,,,,,,,,,,,,,,,,,,,,,,,,,,,,,,,,,,,,,,,,,,,,,,,,,,,,,,,,,,,,,,,,,,,,,,,,,,,,,,,,,,,,,,,,,,,,,,,,,,,,,,,,,,,,,,,,,,,,,,,,,,,,,,,,,,,,,,,,,,,,,,,,,,,,,,,,,,,,,,,,,,,,,,,,,,,,,
,,,,,,,,,,,,,,,,,,,,,,,,,,,,,,,,,,,,,,,,,,,,,,,,,,,,,,,,,,,,,,,,,,,,,,,,,,,,,,,,,,,,,,,,,,,,,,,,,,,,,,,,,,,,,,,,,,,,,,,,,,,,,,,,,,,,,,,,,,,,,,,,,,,,,,,,,,,,,,,,,,,,,,,,,,,,,,,,,,,,,,,,,,,,,,,,,,,,,,,,,,,,,,,,,,,,,,,,,,,,,,,,,,,,,,,,,,,,,,,,,,,,,,,,,,,,,,,,,,,,,,,,,,,,,,,,,,,,,,,,,,,,,,,,,,,,,,,,,,,,,,,,,,,,,,,,,,,,,,,,,,,,,,,,,,,,,,,,,,
,,,,,,,,,,,,,,,,,,,,,,,,,,,,,,,,,,,,,,,,,,,,,,,,,,,,,,,,,,,,,,,,,,,,,,,,,,,,,,,,,,,,,,,,,,,,,,,,,,,,,,,,,,,,,,,,,,,,,,,,,,,,,,,,,,,,,,,,,,,,,,,,,,,,,,,,,,,,,,,,,,,,,,,,,,,,,,,,,,,,,,,,,,,,,,,,,,,,,,,,,,,,,,,,,,,,,,,,,,,,,,,,,,,,,,,,,,,,,,,,,,,,,,,,,,,,,,,,,,,,,,,,,,,,,,,,,,,,,,,,,,,,,,,,,,,,,,,,,,,,,,,,,,,,,,,,,,,,,,,,,,,,,,,,,,,,,,,,,,
,,,,,,,,,,,,,,,,,,,,,,,,,,,,,,,,,,,,,,,,,,,,,,,,,,,,,,,,,,,,,,,,,,,,,,,,,,,,,,,,,,,,,,,,,,,,,,,,,,,,,,,,,,,,,,,,,,,,,,,,,,,,,,,,,,,,,,,,,,,,,,,,,,,,,,,,,,,,,,,,,,,,,,,,,,,,,,,,,,,,,,,,,,,,,,,,,,,,,,,,,,,,,,,,,,,,,,,,,,,,,,,,,,,,,,,,,,,,,,,,,,,,,,,,,,,,,,,,,,,,,,,,,,,,,,,,,,,,,,,,,,,,,,,,,,,,,,,,,,,,,,,,,,,,,,,,,,,,,,,,,,,,,,,,,,,,,,,,,,
,,,,,,,,,,,,,,,,,,,,,,,,,,,,,,,,,,,,,,,,,,,,,,,,,,,,,,,,,,,,,,,,,,,,,,,,,,,,,,,,,,,,,,,,,,,,,,,,,,,,,,,,,,,,,,,,,,,,,,,,,,,,,,,,,,,,,,,,,,,,,,,,,,,,,,,,,,,,,,,,,,,,,,,,,,,,,,,,,,,,,,,,,,,,,,,,,,,,,,,,,,,,,,,,,,,,,,,,,,,,,,,,,,,,,,,,,,,,,,,,,,,,,,,,,,,,,,,,,,,,,,,,,,,,,,,,,,,,,,,,,,,,,,,,,,,,,,,,,,,,,,,,,,,,,,,,,,,,,,,,,,,,,,,,,,,,,,,,,,
,,,,,,,,,,,,,,,,,,,,,,,,,,,,,,,,,,,,,,,,,,,,,,,,,,,,,,,,,,,,,,,,,,,,,,,,,,,,,,,,,,,,,,,,,,,,,,,,,,,,,,,,,,,,,,,,,,,,,,,,,,,,,,,,,,,,,,,,,,,,,,,,,,,,,,,,,,,,,,,,,,,,,,,,,,,,,,,,,,,,,,,,,,,,,,,,,,,,,,,,,,,,,,,,,,,,,,,,,,,,,,,,,,,,,,,,,,,,,,,,,,,,,,,,,,,,,,,,,,,,,,,,,,,,,,,,,,,,,,,,,,,,,,,,,,,,,,,,,,,,,,,,,,,,,,,,,,,,,,,,,,,,,,,,,,,,,,,,,,
,,,,,,,,,,,,,,,,,,,,,,,,,,,,,,,,,,,,,,,,,,,,,,,,,,,,,,,,,,,,,,,,,,,,,,,,,,,,,,,,,,,,,,,,,,,,,,,,,,,,,,,,,,,,,,,,,,,,,,,,,,,,,,,,,,,,,,,,,,,,,,,,,,,,,,,,,,,,,,,,,,,,,,,,,,,,,,,,,,,,,,,,,,,,,,,,,,,,,,,,,,,,,,,,,,,,,,,,,,,,,,,,,,,,,,,,,,,,,,,,,,,,,,,,,,,,,,,,,,,,,,,,,,,,,,,,,,,,,,,,,,,,,,,,,,,,,,,,,,,,,,,,,,,,,,,,,,,,,,,,,,,,,,,,,,,,,,,,,,
,,,,,,,,,,,,,,,,,,,,,,,,,,,,,,,,,,,,,,,,,,,,,,,,,,,,,,,,,,,,,,,,,,,,,,,,,,,,,,,,,,,,,,,,,,,,,,,,,,,,,,,,,,,,,,,,,,,,,,,,,,,,,,,,,,,,,,,,,,,,,,,,,,,,,,,,,,,,,,,,,,,,,,,,,,,,,,,,,,,,,,,,,,,,,,,,,,,,,,,,,,,,,,,,,,,,,,,,,,,,,,,,,,,,,,,,,,,,,,,,,,,,,,,,,,,,,,,,,,,,,,,,,,,,,,,,,,,,,,,,,,,,,,,,,,,,,,,,,,,,,,,,,,,,,,,,,,,,,,,,,,,,,,,,,,,,,,,,,,
,,,,,,,,,,,,,,,,,,,,,,,,,,,,,,,,,,,,,,,,,,,,,,,,,,,,,,,,,,,,,,,,,,,,,,,,,,,,,,,,,,,,,,,,,,,,,,,,,,,,,,,,,,,,,,,,,,,,,,,,,,,,,,,,,,,,,,,,,,,,,,,,,,,,,,,,,,,,,,,,,,,,,,,,,,,,,,,,,,,,,,,,,,,,,,,,,,,,,,,,,,,,,,,,,,,,,,,,,,,,,,,,,,,,,,,,,,,,,,,,,,,,,,,,,,,,,,,,,,,,,,,,,,,,,,,,,,,,,,,,,,,,,,,,,,,,,,,,,,,,,,,,,,,,,,,,,,,,,,,,,,,,,,,,,,,,,,,,,,
,,,,,,,,,,,,,,,,,,,,,,,,,,,,,,,,,,,,,,,,,,,,,,,,,,,,,,,,,,,,,,,,,,,,,,,,,,,,,,,,,,,,,,,,,,,,,,,,,,,,,,,,,,,,,,,,,,,,,,,,,,,,,,,,,,,,,,,,,,,,,,,,,,,,,,,,,,,,,,,,,,,,,,,,,,,,,,,,,,,,,,,,,,,,,,,,,,,,,,,,,,,,,,,,,,,,,,,,,,,,,,,,,,,,,,,,,,,,,,,,,,,,,,,,,,,,,,,,,,,,,,,,,,,,,,,,,,,,,,,,,,,,,,,,,,,,,,,,,,,,,,,,,,,,,,,,,,,,,,,,,,,,,,,,,,,,,,,,,,
,,,,,,,,,,,,,,,,,,,,,,,,,,,,,,,,,,,,,,,,,,,,,,,,,,,,,,,,,,,,,,,,,,,,,,,,,,,,,,,,,,,,,,,,,,,,,,,,,,,,,,,,,,,,,,,,,,,,,,,,,,,,,,,,,,,,,,,,,,,,,,,,,,,,,,,,,,,,,,,,,,,,,,,,,,,,,,,,,,,,,,,,,,,,,,,,,,,,,,,,,,,,,,,,,,,,,,,,,,,,,,,,,,,,,,,,,,,,,,,,,,,,,,,,,,,,,,,,,,,,,,,,,,,,,,,,,,,,,,,,,,,,,,,,,,,,,,,,,,,,,,,,,,,,,,,,,,,,,,,,,,,,,,,,,,,,,,,,,,
,,,,,,,,,,,,,,,,,,,,,,,,,,,,,,,,,,,,,,,,,,,,,,,,,,,,,,,,,,,,,,,,,,,,,,,,,,,,,,,,,,,,,,,,,,,,,,,,,,,,,,,,,,,,,,,,,,,,,,,,,,,,,,,,,,,,,,,,,,,,,,,,,,,,,,,,,,,,,,,,,,,,,,,,,,,,,,,,,,,,,,,,,,,,,,,,,,,,,,,,,,,,,,,,,,,,,,,,,,,,,,,,,,,,,,,,,,,,,,,,,,,,,,,,,,,,,,,,,,,,,,,,,,,,,,,,,,,,,,,,,,,,,,,,,,,,,,,,,,,,,,,,,,,,,,,,,,,,,,,,,,,,,,,,,,,,,,,,,,
,,,,,,,,,,,,,,,,,,,,,,,,,,,,,,,,,,,,,,,,,,,,,,,,,,,,,,,,,,,,,,,,,,,,,,,,,,,,,,,,,,,,,,,,,,,,,,,,,,,,,,,,,,,,,,,,,,,,,,,,,,,,,,,,,,,,,,,,,,,,,,,,,,,,,,,,,,,,,,,,,,,,,,,,,,,,,,,,,,,,,,,,,,,,,,,,,,,,,,,,,,,,,,,,,,,,,,,,,,,,,,,,,,,,,,,,,,,,,,,,,,,,,,,,,,,,,,,,,,,,,,,,,,,,,,,,,,,,,,,,,,,,,,,,,,,,,,,,,,,,,,,,,,,,,,,,,,,,,,,,,,,,,,,,,,,,,,,,,,
,,,,,,,,,,,,,,,,,,,,,,,,,,,,,,,,,,,,,,,,,,,,,,,,,,,,,,,,,,,,,,,,,,,,,,,,,,,,,,,,,,,,,,,,,,,,,,,,,,,,,,,,,,,,,,,,,,,,,,,,,,,,,,,,,,,,,,,,,,,,,,,,,,,,,,,,,,,,,,,,,,,,,,,,,,,,,,,,,,,,,,,,,,,,,,,,,,,,,,,,,,,,,,,,,,,,,,,,,,,,,,,,,,,,,,,,,,,,,,,,,,,,,,,,,,,,,,,,,,,,,,,,,,,,,,,,,,,,,,,,,,,,,,,,,,,,,,,,,,,,,,,,,,,,,,,,,,,,,,,,,,,,,,,,,,,,,,,,,,
,,,,,,,,,,,,,,,,,,,,,,,,,,,,,,,,,,,,,,,,,,,,,,,,,,,,,,,,,,,,,,,,,,,,,,,,,,,,,,,,,,,,,,,,,,,,,,,,,,,,,,,,,,,,,,,,,,,,,,,,,,,,,,,,,,,,,,,,,,,,,,,,,,,,,,,,,,,,,,,,,,,,,,,,,,,,,,,,,,,,,,,,,,,,,,,,,,,,,,,,,,,,,,,,,,,,,,,,,,,,,,,,,,,,,,,,,,,,,,,,,,,,,,,,,,,,,,,,,,,,,,,,,,,,,,,,,,,,,,,,,,,,,,,,,,,,,,,,,,,,,,,,,,,,,,,,,,,,,,,,,,,,,,,,,,,,,,,,,,
,,,,,,,,,,,,,,,,,,,,,,,,,,,,,,,,,,,,,,,,,,,,,,,,,,,,,,,,,,,,,,,,,,,,,,,,,,,,,,,,,,,,,,,,,,,,,,,,,,,,,,,,,,,,,,,,,,,,,,,,,,,,,,,,,,,,,,,,,,,,,,,,,,,,,,,,,,,,,,,,,,,,,,,,,,,,,,,,,,,,,,,,,,,,,,,,,,,,,,,,,,,,,,,,,,,,,,,,,,,,,,,,,,,,,,,,,,,,,,,,,,,,,,,,,,,,,,,,,,,,,,,,,,,,,,,,,,,,,,,,,,,,,,,,,,,,,,,,,,,,,,,,,,,,,,,,,,,,,,,,,,,,,,,,,,,,,,,,,,
,,,,,,,,,,,,,,,,,,,,,,,,,,,,,,,,,,,,,,,,,,,,,,,,,,,,,,,,,,,,,,,,,,,,,,,,,,,,,,,,,,,,,,,,,,,,,,,,,,,,,,,,,,,,,,,,,,,,,,,,,,,,,,,,,,,,,,,,,,,,,,,,,,,,,,,,,,,,,,,,,,,,,,,,,,,,,,,,,,,,,,,,,,,,,,,,,,,,,,,,,,,,,,,,,,,,,,,,,,,,,,,,,,,,,,,,,,,,,,,,,,,,,,,,,,,,,,,,,,,,,,,,,,,,,,,,,,,,,,,,,,,,,,,,,,,,,,,,,,,,,,,,,,,,,,,,,,,,,,,,,,,,,,,,,,,,,,,,,,
,,,,,,,,,,,,,,,,,,,,,,,,,,,,,,,,,,,,,,,,,,,,,,,,,,,,,,,,,,,,,,,,,,,,,,,,,,,,,,,,,,,,,,,,,,,,,,,,,,,,,,,,,,,,,,,,,,,,,,,,,,,,,,,,,,,,,,,,,,,,,,,,,,,,,,,,,,,,,,,,,,,,,,,,,,,,,,,,,,,,,,,,,,,,,,,,,,,,,,,,,,,,,,,,,,,,,,,,,,,,,,,,,,,,,,,,,,,,,,,,,,,,,,,,,,,,,,,,,,,,,,,,,,,,,,,,,,,,,,,,,,,,,,,,,,,,,,,,,,,,,,,,,,,,,,,,,,,,,,,,,,,,,,,,,,,,,,,,,,
,,,,,,,,,,,,,,,,,,,,,,,,,,,,,,,,,,,,,,,,,,,,,,,,,,,,,,,,,,,,,,,,,,,,,,,,,,,,,,,,,,,,,,,,,,,,,,,,,,,,,,,,,,,,,,,,,,,,,,,,,,,,,,,,,,,,,,,,,,,,,,,,,,,,,,,,,,,,,,,,,,,,,,,,,,,,,,,,,,,,,,,,,,,,,,,,,,,,,,,,,,,,,,,,,,,,,,,,,,,,,,,,,,,,,,,,,,,,,,,,,,,,,,,,,,,,,,,,,,,,,,,,,,,,,,,,,,,,,,,,,,,,,,,,,,,,,,,,,,,,,,,,,,,,,,,,,,,,,,,,,,,,,,,,,,,,,,,,,,
,,,,,,,,,,,,,,,,,,,,,,,,,,,,,,,,,,,,,,,,,,,,,,,,,,,,,,,,,,,,,,,,,,,,,,,,,,,,,,,,,,,,,,,,,,,,,,,,,,,,,,,,,,,,,,,,,,,,,,,,,,,,,,,,,,,,,,,,,,,,,,,,,,,,,,,,,,,,,,,,,,,,,,,,,,,,,,,,,,,,,,,,,,,,,,,,,,,,,,,,,,,,,,,,,,,,,,,,,,,,,,,,,,,,,,,,,,,,,,,,,,,,,,,,,,,,,,,,,,,,,,,,,,,,,,,,,,,,,,,,,,,,,,,,,,,,,,,,,,,,,,,,,,,,,,,,,,,,,,,,,,,,,,,,,,,,,,,,,,
,,,,,,,,,,,,,,,,,,,,,,,,,,,,,,,,,,,,,,,,,,,,,,,,,,,,,,,,,,,,,,,,,,,,,,,,,,,,,,,,,,,,,,,,,,,,,,,,,,,,,,,,,,,,,,,,,,,,,,,,,,,,,,,,,,,,,,,,,,,,,,,,,,,,,,,,,,,,,,,,,,,,,,,,,,,,,,,,,,,,,,,,,,,,,,,,,,,,,,,,,,,,,,,,,,,,,,,,,,,,,,,,,,,,,,,,,,,,,,,,,,,,,,,,,,,,,,,,,,,,,,,,,,,,,,,,,,,,,,,,,,,,,,,,,,,,,,,,,,,,,,,,,,,,,,,,,,,,,,,,,,,,,,,,,,,,,,,,,,
,,,,,,,,,,,,,,,,,,,,,,,,,,,,,,,,,,,,,,,,,,,,,,,,,,,,,,,,,,,,,,,,,,,,,,,,,,,,,,,,,,,,,,,,,,,,,,,,,,,,,,,,,,,,,,,,,,,,,,,,,,,,,,,,,,,,,,,,,,,,,,,,,,,,,,,,,,,,,,,,,,,,,,,,,,,,,,,,,,,,,,,,,,,,,,,,,,,,,,,,,,,,,,,,,,,,,,,,,,,,,,,,,,,,,,,,,,,,,,,,,,,,,,,,,,,,,,,,,,,,,,,,,,,,,,,,,,,,,,,,,,,,,,,,,,,,,,,,,,,,,,,,,,,,,,,,,,,,,,,,,,,,,,,,,,,,,,,,,,
,,,,,,,,,,,,,,,,,,,,,,,,,,,,,,,,,,,,,,,,,,,,,,,,,,,,,,,,,,,,,,,,,,,,,,,,,,,,,,,,,,,,,,,,,,,,,,,,,,,,,,,,,,,,,,,,,,,,,,,,,,,,,,,,,,,,,,,,,,,,,,,,,,,,,,,,,,,,,,,,,,,,,,,,,,,,,,,,,,,,,,,,,,,,,,,,,,,,,,,,,,,,,,,,,,,,,,,,,,,,,,,,,,,,,,,,,,,,,,,,,,,,,,,,,,,,,,,,,,,,,,,,,,,,,,,,,,,,,,,,,,,,,,,,,,,,,,,,,,,,,,,,,,,,,,,,,,,,,,,,,,,,,,,,,,,,,,,,,,
,,,,,,,,,,,,,,,,,,,,,,,,,,,,,,,,,,,,,,,,,,,,,,,,,,,,,,,,,,,,,,,,,,,,,,,,,,,,,,,,,,,,,,,,,,,,,,,,,,,,,,,,,,,,,,,,,,,,,,,,,,,,,,,,,,,,,,,,,,,,,,,,,,,,,,,,,,,,,,,,,,,,,,,,,,,,,,,,,,,,,,,,,,,,,,,,,,,,,,,,,,,,,,,,,,,,,,,,,,,,,,,,,,,,,,,,,,,,,,,,,,,,,,,,,,,,,,,,,,,,,,,,,,,,,,,,,,,,,,,,,,,,,,,,,,,,,,,,,,,,,,,,,,,,,,,,,,,,,,,,,,,,,,,,,,,,,,,,,,
,,,,,,,,,,,,,,,,,,,,,,,,,,,,,,,,,,,,,,,,,,,,,,,,,,,,,,,,,,,,,,,,,,,,,,,,,,,,,,,,,,,,,,,,,,,,,,,,,,,,,,,,,,,,,,,,,,,,,,,,,,,,,,,,,,,,,,,,,,,,,,,,,,,,,,,,,,,,,,,,,,,,,,,,,,,,,,,,,,,,,,,,,,,,,,,,,,,,,,,,,,,,,,,,,,,,,,,,,,,,,,,,,,,,,,,,,,,,,,,,,,,,,,,,,,,,,,,,,,,,,,,,,,,,,,,,,,,,,,,,,,,,,,,,,,,,,,,,,,,,,,,,,,,,,,,,,,,,,,,,,,,,,,,,,,,,,,,,,,
,,,,,,,,,,,,,,,,,,,,,,,,,,,,,,,,,,,,,,,,,,,,,,,,,,,,,,,,,,,,,,,,,,,,,,,,,,,,,,,,,,,,,,,,,,,,,,,,,,,,,,,,,,,,,,,,,,,,,,,,,,,,,,,,,,,,,,,,,,,,,,,,,,,,,,,,,,,,,,,,,,,,,,,,,,,,,,,,,,,,,,,,,,,,,,,,,,,,,,,,,,,,,,,,,,,,,,,,,,,,,,,,,,,,,,,,,,,,,,,,,,,,,,,,,,,,,,,,,,,,,,,,,,,,,,,,,,,,,,,,,,,,,,,,,,,,,,,,,,,,,,,,,,,,,,,,,,,,,,,,,,,,,,,,,,,,,,,,,,
,,,,,,,,,,,,,,,,,,,,,,,,,,,,,,,,,,,,,,,,,,,,,,,,,,,,,,,,,,,,,,,,,,,,,,,,,,,,,,,,,,,,,,,,,,,,,,,,,,,,,,,,,,,,,,,,,,,,,,,,,,,,,,,,,,,,,,,,,,,,,,,,,,,,,,,,,,,,,,,,,,,,,,,,,,,,,,,,,,,,,,,,,,,,,,,,,,,,,,,,,,,,,,,,,,,,,,,,,,,,,,,,,,,,,,,,,,,,,,,,,,,,,,,,,,,,,,,,,,,,,,,,,,,,,,,,,,,,,,,,,,,,,,,,,,,,,,,,,,,,,,,,,,,,,,,,,,,,,,,,,,,,,,,,,,,,,,,,,,
,,,,,,,,,,,,,,,,,,,,,,,,,,,,,,,,,,,,,,,,,,,,,,,,,,,,,,,,,,,,,,,,,,,,,,,,,,,,,,,,,,,,,,,,,,,,,,,,,,,,,,,,,,,,,,,,,,,,,,,,,,,,,,,,,,,,,,,,,,,,,,,,,,,,,,,,,,,,,,,,,,,,,,,,,,,,,,,,,,,,,,,,,,,,,,,,,,,,,,,,,,,,,,,,,,,,,,,,,,,,,,,,,,,,,,,,,,,,,,,,,,,,,,,,,,,,,,,,,,,,,,,,,,,,,,,,,,,,,,,,,,,,,,,,,,,,,,,,,,,,,,,,,,,,,,,,,,,,,,,,,,,,,,,,,,,,,,,,,,
,,,,,,,,,,,,,,,,,,,,,,,,,,,,,,,,,,,,,,,,,,,,,,,,,,,,,,,,,,,,,,,,,,,,,,,,,,,,,,,,,,,,,,,,,,,,,,,,,,,,,,,,,,,,,,,,,,,,,,,,,,,,,,,,,,,,,,,,,,,,,,,,,,,,,,,,,,,,,,,,,,,,,,,,,,,,,,,,,,,,,,,,,,,,,,,,,,,,,,,,,,,,,,,,,,,,,,,,,,,,,,,,,,,,,,,,,,,,,,,,,,,,,,,,,,,,,,,,,,,,,,,,,,,,,,,,,,,,,,,,,,,,,,,,,,,,,,,,,,,,,,,,,,,,,,,,,,,,,,,,,,,,,,,,,,,,,,,,,,
,,,,,,,,,,,,,,,,,,,,,,,,,,,,,,,,,,,,,,,,,,,,,,,,,,,,,,,,,,,,,,,,,,,,,,,,,,,,,,,,,,,,,,,,,,,,,,,,,,,,,,,,,,,,,,,,,,,,,,,,,,,,,,,,,,,,,,,,,,,,,,,,,,,,,,,,,,,,,,,,,,,,,,,,,,,,,,,,,,,,,,,,,,,,,,,,,,,,,,,,,,,,,,,,,,,,,,,,,,,,,,,,,,,,,,,,,,,,,,,,,,,,,,,,,,,,,,,,,,,,,,,,,,,,,,,,,,,,,,,,,,,,,,,,,,,,,,,,,,,,,,,,,,,,,,,,,,,,,,,,,,,,,,,,,,,,,,,,,,
,,,,,,,,,,,,,,,,,,,,,,,,,,,,,,,,,,,,,,,,,,,,,,,,,,,,,,,,,,,,,,,,,,,,,,,,,,,,,,,,,,,,,,,,,,,,,,,,,,,,,,,,,,,,,,,,,,,,,,,,,,,,,,,,,,,,,,,,,,,,,,,,,,,,,,,,,,,,,,,,,,,,,,,,,,,,,,,,,,,,,,,,,,,,,,,,,,,,,,,,,,,,,,,,,,,,,,,,,,,,,,,,,,,,,,,,,,,,,,,,,,,,,,,,,,,,,,,,,,,,,,,,,,,,,,,,,,,,,,,,,,,,,,,,,,,,,,,,,,,,,,,,,,,,,,,,,,,,,,,,,,,,,,,,,,,,,,,,,,
,,,,,,,,,,,,,,,,,,,,,,,,,,,,,,,,,,,,,,,,,,,,,,,,,,,,,,,,,,,,,,,,,,,,,,,,,,,,,,,,,,,,,,,,,,,,,,,,,,,,,,,,,,,,,,,,,,,,,,,,,,,,,,,,,,,,,,,,,,,,,,,,,,,,,,,,,,,,,,,,,,,,,,,,,,,,,,,,,,,,,,,,,,,,,,,,,,,,,,,,,,,,,,,,,,,,,,,,,,,,,,,,,,,,,,,,,,,,,,,,,,,,,,,,,,,,,,,,,,,,,,,,,,,,,,,,,,,,,,,,,,,,,,,,,,,,,,,,,,,,,,,,,,,,,,,,,,,,,,,,,,,,,,,,,,,,,,,,,,
,,,,,,,,,,,,,,,,,,,,,,,,,,,,,,,,,,,,,,,,,,,,,,,,,,,,,,,,,,,,,,,,,,,,,,,,,,,,,,,,,,,,,,,,,,,,,,,,,,,,,,,,,,,,,,,,,,,,,,,,,,,,,,,,,,,,,,,,,,,,,,,,,,,,,,,,,,,,,,,,,,,,,,,,,,,,,,,,,,,,,,,,,,,,,,,,,,,,,,,,,,,,,,,,,,,,,,,,,,,,,,,,,,,,,,,,,,,,,,,,,,,,,,,,,,,,,,,,,,,,,,,,,,,,,,,,,,,,,,,,,,,,,,,,,,,,,,,,,,,,,,,,,,,,,,,,,,,,,,,,,,,,,,,,,,,,,,,,,,
,,,,,,,,,,,,,,,,,,,,,,,,,,,,,,,,,,,,,,,,,,,,,,,,,,,,,,,,,,,,,,,,,,,,,,,,,,,,,,,,,,,,,,,,,,,,,,,,,,,,,,,,,,,,,,,,,,,,,,,,,,,,,,,,,,,,,,,,,,,,,,,,,,,,,,,,,,,,,,,,,,,,,,,,,,,,,,,,,,,,,,,,,,,,,,,,,,,,,,,,,,,,,,,,,,,,,,,,,,,,,,,,,,,,,,,,,,,,,,,,,,,,,,,,,,,,,,,,,,,,,,,,,,,,,,,,,,,,,,,,,,,,,,,,,,,,,,,,,,,,,,,,,,,,,,,,,,,,,,,,,,,,,,,,,,,,,,,,,,
,,,,,,,,,,,,,,,,,,,,,,,,,,,,,,,,,,,,,,,,,,,,,,,,,,,,,,,,,,,,,,,,,,,,,,,,,,,,,,,,,,,,,,,,,,,,,,,,,,,,,,,,,,,,,,,,,,,,,,,,,,,,,,,,,,,,,,,,,,,,,,,,,,,,,,,,,,,,,,,,,,,,,,,,,,,,,,,,,,,,,,,,,,,,,,,,,,,,,,,,,,,,,,,,,,,,,,,,,,,,,,,,,,,,,,,,,,,,,,,,,,,,,,,,,,,,,,,,,,,,,,,,,,,,,,,,,,,,,,,,,,,,,,,,,,,,,,,,,,,,,,,,,,,,,,,,,,,,,,,,,,,,,,,,,,,,,,,,,,
,,,,,,,,,,,,,,,,,,,,,,,,,,,,,,,,,,,,,,,,,,,,,,,,,,,,,,,,,,,,,,,,,,,,,,,,,,,,,,,,,,,,,,,,,,,,,,,,,,,,,,,,,,,,,,,,,,,,,,,,,,,,,,,,,,,,,,,,,,,,,,,,,,,,,,,,,,,,,,,,,,,,,,,,,,,,,,,,,,,,,,,,,,,,,,,,,,,,,,,,,,,,,,,,,,,,,,,,,,,,,,,,,,,,,,,,,,,,,,,,,,,,,,,,,,,,,,,,,,,,,,,,,,,,,,,,,,,,,,,,,,,,,,,,,,,,,,,,,,,,,,,,,,,,,,,,,,,,,,,,,,,,,,,,,,,,,,,,,,
,,,,,,,,,,,,,,,,,,,,,,,,,,,,,,,,,,,,,,,,,,,,,,,,,,,,,,,,,,,,,,,,,,,,,,,,,,,,,,,,,,,,,,,,,,,,,,,,,,,,,,,,,,,,,,,,,,,,,,,,,,,,,,,,,,,,,,,,,,,,,,,,,,,,,,,,,,,,,,,,,,,,,,,,,,,,,,,,,,,,,,,,,,,,,,,,,,,,,,,,,,,,,,,,,,,,,,,,,,,,,,,,,,,,,,,,,,,,,,,,,,,,,,,,,,,,,,,,,,,,,,,,,,,,,,,,,,,,,,,,,,,,,,,,,,,,,,,,,,,,,,,,,,,,,,,,,,,,,,,,,,,,,,,,,,,,,,,,,,
,,,,,,,,,,,,,,,,,,,,,,,,,,,,,,,,,,,,,,,,,,,,,,,,,,,,,,,,,,,,,,,,,,,,,,,,,,,,,,,,,,,,,,,,,,,,,,,,,,,,,,,,,,,,,,,,,,,,,,,,,,,,,,,,,,,,,,,,,,,,,,,,,,,,,,,,,,,,,,,,,,,,,,,,,,,,,,,,,,,,,,,,,,,,,,,,,,,,,,,,,,,,,,,,,,,,,,,,,,,,,,,,,,,,,,,,,,,,,,,,,,,,,,,,,,,,,,,,,,,,,,,,,,,,,,,,,,,,,,,,,,,,,,,,,,,,,,,,,,,,,,,,,,,,,,,,,,,,,,,,,,,,,,,,,,,,,,,,,,
,,,,,,,,,,,,,,,,,,,,,,,,,,,,,,,,,,,,,,,,,,,,,,,,,,,,,,,,,,,,,,,,,,,,,,,,,,,,,,,,,,,,,,,,,,,,,,,,,,,,,,,,,,,,,,,,,,,,,,,,,,,,,,,,,,,,,,,,,,,,,,,,,,,,,,,,,,,,,,,,,,,,,,,,,,,,,,,,,,,,,,,,,,,,,,,,,,,,,,,,,,,,,,,,,,,,,,,,,,,,,,,,,,,,,,,,,,,,,,,,,,,,,,,,,,,,,,,,,,,,,,,,,,,,,,,,,,,,,,,,,,,,,,,,,,,,,,,,,,,,,,,,,,,,,,,,,,,,,,,,,,,,,,,,,,,,,,,,,,
,,,,,,,,,,,,,,,,,,,,,,,,,,,,,,,,,,,,,,,,,,,,,,,,,,,,,,,,,,,,,,,,,,,,,,,,,,,,,,,,,,,,,,,,,,,,,,,,,,,,,,,,,,,,,,,,,,,,,,,,,,,,,,,,,,,,,,,,,,,,,,,,,,,,,,,,,,,,,,,,,,,,,,,,,,,,,,,,,,,,,,,,,,,,,,,,,,,,,,,,,,,,,,,,,,,,,,,,,,,,,,,,,,,,,,,,,,,,,,,,,,,,,,,,,,,,,,,,,,,,,,,,,,,,,,,,,,,,,,,,,,,,,,,,,,,,,,,,,,,,,,,,,,,,,,,,,,,,,,,,,,,,,,,,,,,,,,,,,,
,,,,,,,,,,,,,,,,,,,,,,,,,,,,,,,,,,,,,,,,,,,,,,,,,,,,,,,,,,,,,,,,,,,,,,,,,,,,,,,,,,,,,,,,,,,,,,,,,,,,,,,,,,,,,,,,,,,,,,,,,,,,,,,,,,,,,,,,,,,,,,,,,,,,,,,,,,,,,,,,,,,,,,,,,,,,,,,,,,,,,,,,,,,,,,,,,,,,,,,,,,,,,,,,,,,,,,,,,,,,,,,,,,,,,,,,,,,,,,,,,,,,,,,,,,,,,,,,,,,,,,,,,,,,,,,,,,,,,,,,,,,,,,,,,,,,,,,,,,,,,,,,,,,,,,,,,,,,,,,,,,,,,,,,,,,,,,,,,,
,,,,,,,,,,,,,,,,,,,,,,,,,,,,,,,,,,,,,,,,,,,,,,,,,,,,,,,,,,,,,,,,,,,,,,,,,,,,,,,,,,,,,,,,,,,,,,,,,,,,,,,,,,,,,,,,,,,,,,,,,,,,,,,,,,,,,,,,,,,,,,,,,,,,,,,,,,,,,,,,,,,,,,,,,,,,,,,,,,,,,,,,,,,,,,,,,,,,,,,,,,,,,,,,,,,,,,,,,,,,,,,,,,,,,,,,,,,,,,,,,,,,,,,,,,,,,,,,,,,,,,,,,,,,,,,,,,,,,,,,,,,,,,,,,,,,,,,,,,,,,,,,,,,,,,,,,,,,,,,,,,,,,,,,,,,,,,,,,,
,,,,,,,,,,,,,,,,,,,,,,,,,,,,,,,,,,,,,,,,,,,,,,,,,,,,,,,,,,,,,,,,,,,,,,,,,,,,,,,,,,,,,,,,,,,,,,,,,,,,,,,,,,,,,,,,,,,,,,,,,,,,,,,,,,,,,,,,,,,,,,,,,,,,,,,,,,,,,,,,,,,,,,,,,,,,,,,,,,,,,,,,,,,,,,,,,,,,,,,,,,,,,,,,,,,,,,,,,,,,,,,,,,,,,,,,,,,,,,,,,,,,,,,,,,,,,,,,,,,,,,,,,,,,,,,,,,,,,,,,,,,,,,,,,,,,,,,,,,,,,,,,,,,,,,,,,,,,,,,,,,,,,,,,,,,,,,,,,,
,,,,,,,,,,,,,,,,,,,,,,,,,,,,,,,,,,,,,,,,,,,,,,,,,,,,,,,,,,,,,,,,,,,,,,,,,,,,,,,,,,,,,,,,,,,,,,,,,,,,,,,,,,,,,,,,,,,,,,,,,,,,,,,,,,,,,,,,,,,,,,,,,,,,,,,,,,,,,,,,,,,,,,,,,,,,,,,,,,,,,,,,,,,,,,,,,,,,,,,,,,,,,,,,,,,,,,,,,,,,,,,,,,,,,,,,,,,,,,,,,,,,,,,,,,,,,,,,,,,,,,,,,,,,,,,,,,,,,,,,,,,,,,,,,,,,,,,,,,,,,,,,,,,,,,,,,,,,,,,,,,,,,,,,,,,,,,,,,,
,,,,,,,,,,,,,,,,,,,,,,,,,,,,,,,,,,,,,,,,,,,,,,,,,,,,,,,,,,,,,,,,,,,,,,,,,,,,,,,,,,,,,,,,,,,,,,,,,,,,,,,,,,,,,,,,,,,,,,,,,,,,,,,,,,,,,,,,,,,,,,,,,,,,,,,,,,,,,,,,,,,,,,,,,,,,,,,,,,,,,,,,,,,,,,,,,,,,,,,,,,,,,,,,,,,,,,,,,,,,,,,,,,,,,,,,,,,,,,,,,,,,,,,,,,,,,,,,,,,,,,,,,,,,,,,,,,,,,,,,,,,,,,,,,,,,,,,,,,,,,,,,,,,,,,,,,,,,,,,,,,,,,,,,,,,,,,,,,,
,,,,,,,,,,,,,,,,,,,,,,,,,,,,,,,,,,,,,,,,,,,,,,,,,,,,,,,,,,,,,,,,,,,,,,,,,,,,,,,,,,,,,,,,,,,,,,,,,,,,,,,,,,,,,,,,,,,,,,,,,,,,,,,,,,,,,,,,,,,,,,,,,,,,,,,,,,,,,,,,,,,,,,,,,,,,,,,,,,,,,,,,,,,,,,,,,,,,,,,,,,,,,,,,,,,,,,,,,,,,,,,,,,,,,,,,,,,,,,,,,,,,,,,,,,,,,,,,,,,,,,,,,,,,,,,,,,,,,,,,,,,,,,,,,,,,,,,,,,,,,,,,,,,,,,,,,,,,,,,,,,,,,,,,,,,,,,,,,,
,,,,,,,,,,,,,,,,,,,,,,,,,,,,,,,,,,,,,,,,,,,,,,,,,,,,,,,,,,,,,,,,,,,,,,,,,,,,,,,,,,,,,,,,,,,,,,,,,,,,,,,,,,,,,,,,,,,,,,,,,,,,,,,,,,,,,,,,,,,,,,,,,,,,,,,,,,,,,,,,,,,,,,,,,,,,,,,,,,,,,,,,,,,,,,,,,,,,,,,,,,,,,,,,,,,,,,,,,,,,,,,,,,,,,,,,,,,,,,,,,,,,,,,,,,,,,,,,,,,,,,,,,,,,,,,,,,,,,,,,,,,,,,,,,,,,,,,,,,,,,,,,,,,,,,,,,,,,,,,,,,,,,,,,,,,,,,,,,,
,,,,,,,,,,,,,,,,,,,,,,,,,,,,,,,,,,,,,,,,,,,,,,,,,,,,,,,,,,,,,,,,,,,,,,,,,,,,,,,,,,,,,,,,,,,,,,,,,,,,,,,,,,,,,,,,,,,,,,,,,,,,,,,,,,,,,,,,,,,,,,,,,,,,,,,,,,,,,,,,,,,,,,,,,,,,,,,,,,,,,,,,,,,,,,,,,,,,,,,,,,,,,,,,,,,,,,,,,,,,,,,,,,,,,,,,,,,,,,,,,,,,,,,,,,,,,,,,,,,,,,,,,,,,,,,,,,,,,,,,,,,,,,,,,,,,,,,,,,,,,,,,,,,,,,,,,,,,,,,,,,,,,,,,,,,,,,,,,,
,,,,,,,,,,,,,,,,,,,,,,,,,,,,,,,,,,,,,,,,,,,,,,,,,,,,,,,,,,,,,,,,,,,,,,,,,,,,,,,,,,,,,,,,,,,,,,,,,,,,,,,,,,,,,,,,,,,,,,,,,,,,,,,,,,,,,,,,,,,,,,,,,,,,,,,,,,,,,,,,,,,,,,,,,,,,,,,,,,,,,,,,,,,,,,,,,,,,,,,,,,,,,,,,,,,,,,,,,,,,,,,,,,,,,,,,,,,,,,,,,,,,,,,,,,,,,,,,,,,,,,,,,,,,,,,,,,,,,,,,,,,,,,,,,,,,,,,,,,,,,,,,,,,,,,,,,,,,,,,,,,,,,,,,,,,,,,,,,,
,,,,,,,,,,,,,,,,,,,,,,,,,,,,,,,,,,,,,,,,,,,,,,,,,,,,,,,,,,,,,,,,,,,,,,,,,,,,,,,,,,,,,,,,,,,,,,,,,,,,,,,,,,,,,,,,,,,,,,,,,,,,,,,,,,,,,,,,,,,,,,,,,,,,,,,,,,,,,,,,,,,,,,,,,,,,,,,,,,,,,,,,,,,,,,,,,,,,,,,,,,,,,,,,,,,,,,,,,,,,,,,,,,,,,,,,,,,,,,,,,,,,,,,,,,,,,,,,,,,,,,,,,,,,,,,,,,,,,,,,,,,,,,,,,,,,,,,,,,,,,,,,,,,,,,,,,,,,,,,,,,,,,,,,,,,,,,,,,,
,,,,,,,,,,,,,,,,,,,,,,,,,,,,,,,,,,,,,,,,,,,,,,,,,,,,,,,,,,,,,,,,,,,,,,,,,,,,,,,,,,,,,,,,,,,,,,,,,,,,,,,,,,,,,,,,,,,,,,,,,,,,,,,,,,,,,,,,,,,,,,,,,,,,,,,,,,,,,,,,,,,,,,,,,,,,,,,,,,,,,,,,,,,,,,,,,,,,,,,,,,,,,,,,,,,,,,,,,,,,,,,,,,,,,,,,,,,,,,,,,,,,,,,,,,,,,,,,,,,,,,,,,,,,,,,,,,,,,,,,,,,,,,,,,,,,,,,,,,,,,,,,,,,,,,,,,,,,,,,,,,,,,,,,,,,,,,,,,,
,,,,,,,,,,,,,,,,,,,,,,,,,,,,,,,,,,,,,,,,,,,,,,,,,,,,,,,,,,,,,,,,,,,,,,,,,,,,,,,,,,,,,,,,,,,,,,,,,,,,,,,,,,,,,,,,,,,,,,,,,,,,,,,,,,,,,,,,,,,,,,,,,,,,,,,,,,,,,,,,,,,,,,,,,,,,,,,,,,,,,,,,,,,,,,,,,,,,,,,,,,,,,,,,,,,,,,,,,,,,,,,,,,,,,,,,,,,,,,,,,,,,,,,,,,,,,,,,,,,,,,,,,,,,,,,,,,,,,,,,,,,,,,,,,,,,,,,,,,,,,,,,,,,,,,,,,,,,,,,,,,,,,,,,,,,,,,,,,,
,,,,,,,,,,,,,,,,,,,,,,,,,,,,,,,,,,,,,,,,,,,,,,,,,,,,,,,,,,,,,,,,,,,,,,,,,,,,,,,,,,,,,,,,,,,,,,,,,,,,,,,,,,,,,,,,,,,,,,,,,,,,,,,,,,,,,,,,,,,,,,,,,,,,,,,,,,,,,,,,,,,,,,,,,,,,,,,,,,,,,,,,,,,,,,,,,,,,,,,,,,,,,,,,,,,,,,,,,,,,,,,,,,,,,,,,,,,,,,,,,,,,,,,,,,,,,,,,,,,,,,,,,,,,,,,,,,,,,,,,,,,,,,,,,,,,,,,,,,,,,,,,,,,,,,,,,,,,,,,,,,,,,,,,,,,,,,,,,,
,,,,,,,,,,,,,,,,,,,,,,,,,,,,,,,,,,,,,,,,,,,,,,,,,,,,,,,,,,,,,,,,,,,,,,,,,,,,,,,,,,,,,,,,,,,,,,,,,,,,,,,,,,,,,,,,,,,,,,,,,,,,,,,,,,,,,,,,,,,,,,,,,,,,,,,,,,,,,,,,,,,,,,,,,,,,,,,,,,,,,,,,,,,,,,,,,,,,,,,,,,,,,,,,,,,,,,,,,,,,,,,,,,,,,,,,,,,,,,,,,,,,,,,,,,,,,,,,,,,,,,,,,,,,,,,,,,,,,,,,,,,,,,,,,,,,,,,,,,,,,,,,,,,,,,,,,,,,,,,,,,,,,,,,,,,,,,,,,,
,,,,,,,,,,,,,,,,,,,,,,,,,,,,,,,,,,,,,,,,,,,,,,,,,,,,,,,,,,,,,,,,,,,,,,,,,,,,,,,,,,,,,,,,,,,,,,,,,,,,,,,,,,,,,,,,,,,,,,,,,,,,,,,,,,,,,,,,,,,,,,,,,,,,,,,,,,,,,,,,,,,,,,,,,,,,,,,,,,,,,,,,,,,,,,,,,,,,,,,,,,,,,,,,,,,,,,,,,,,,,,,,,,,,,,,,,,,,,,,,,,,,,,,,,,,,,,,,,,,,,,,,,,,,,,,,,,,,,,,,,,,,,,,,,,,,,,,,,,,,,,,,,,,,,,,,,,,,,,,,,,,,,,,,,,,,,,,,,,
,,,,,,,,,,,,,,,,,,,,,,,,,,,,,,,,,,,,,,,,,,,,,,,,,,,,,,,,,,,,,,,,,,,,,,,,,,,,,,,,,,,,,,,,,,,,,,,,,,,,,,,,,,,,,,,,,,,,,,,,,,,,,,,,,,,,,,,,,,,,,,,,,,,,,,,,,,,,,,,,,,,,,,,,,,,,,,,,,,,,,,,,,,,,,,,,,,,,,,,,,,,,,,,,,,,,,,,,,,,,,,,,,,,,,,,,,,,,,,,,,,,,,,,,,,,,,,,,,,,,,,,,,,,,,,,,,,,,,,,,,,,,,,,,,,,,,,,,,,,,,,,,,,,,,,,,,,,,,,,,,,,,,,,,,,,,,,,,,,
,,,,,,,,,,,,,,,,,,,,,,,,,,,,,,,,,,,,,,,,,,,,,,,,,,,,,,,,,,,,,,,,,,,,,,,,,,,,,,,,,,,,,,,,,,,,,,,,,,,,,,,,,,,,,,,,,,,,,,,,,,,,,,,,,,,,,,,,,,,,,,,,,,,,,,,,,,,,,,,,,,,,,,,,,,,,,,,,,,,,,,,,,,,,,,,,,,,,,,,,,,,,,,,,,,,,,,,,,,,,,,,,,,,,,,,,,,,,,,,,,,,,,,,,,,,,,,,,,,,,,,,,,,,,,,,,,,,,,,,,,,,,,,,,,,,,,,,,,,,,,,,,,,,,,,,,,,,,,,,,,,,,,,,,,,,,,,,,,,
,,,,,,,,,,,,,,,,,,,,,,,,,,,,,,,,,,,,,,,,,,,,,,,,,,,,,,,,,,,,,,,,,,,,,,,,,,,,,,,,,,,,,,,,,,,,,,,,,,,,,,,,,,,,,,,,,,,,,,,,,,,,,,,,,,,,,,,,,,,,,,,,,,,,,,,,,,,,,,,,,,,,,,,,,,,,,,,,,,,,,,,,,,,,,,,,,,,,,,,,,,,,,,,,,,,,,,,,,,,,,,,,,,,,,,,,,,,,,,,,,,,,,,,,,,,,,,,,,,,,,,,,,,,,,,,,,,,,,,,,,,,,,,,,,,,,,,,,,,,,,,,,,,,,,,,,,,,,,,,,,,,,,,,,,,,,,,,,,,
,,,,,,,,,,,,,,,,,,,,,,,,,,,,,,,,,,,,,,,,,,,,,,,,,,,,,,,,,,,,,,,,,,,,,,,,,,,,,,,,,,,,,,,,,,,,,,,,,,,,,,,,,,,,,,,,,,,,,,,,,,,,,,,,,,,,,,,,,,,,,,,,,,,,,,,,,,,,,,,,,,,,,,,,,,,,,,,,,,,,,,,,,,,,,,,,,,,,,,,,,,,,,,,,,,,,,,,,,,,,,,,,,,,,,,,,,,,,,,,,,,,,,,,,,,,,,,,,,,,,,,,,,,,,,,,,,,,,,,,,,,,,,,,,,,,,,,,,,,,,,,,,,,,,,,,,,,,,,,,,,,,,,,,,,,,,,,,,,,
,,,,,,,,,,,,,,,,,,,,,,,,,,,,,,,,,,,,,,,,,,,,,,,,,,,,,,,,,,,,,,,,,,,,,,,,,,,,,,,,,,,,,,,,,,,,,,,,,,,,,,,,,,,,,,,,,,,,,,,,,,,,,,,,,,,,,,,,,,,,,,,,,,,,,,,,,,,,,,,,,,,,,,,,,,,,,,,,,,,,,,,,,,,,,,,,,,,,,,,,,,,,,,,,,,,,,,,,,,,,,,,,,,,,,,,,,,,,,,,,,,,,,,,,,,,,,,,,,,,,,,,,,,,,,,,,,,,,,,,,,,,,,,,,,,,,,,,,,,,,,,,,,,,,,,,,,,,,,,,,,,,,,,,,,,,,,,,,,,
,,,,,,,,,,,,,,,,,,,,,,,,,,,,,,,,,,,,,,,,,,,,,,,,,,,,,,,,,,,,,,,,,,,,,,,,,,,,,,,,,,,,,,,,,,,,,,,,,,,,,,,,,,,,,,,,,,,,,,,,,,,,,,,,,,,,,,,,,,,,,,,,,,,,,,,,,,,,,,,,,,,,,,,,,,,,,,,,,,,,,,,,,,,,,,,,,,,,,,,,,,,,,,,,,,,,,,,,,,,,,,,,,,,,,,,,,,,,,,,,,,,,,,,,,,,,,,,,,,,,,,,,,,,,,,,,,,,,,,,,,,,,,,,,,,,,,,,,,,,,,,,,,,,,,,,,,,,,,,,,,,,,,,,,,,,,,,,,,,
,,,,,,,,,,,,,,,,,,,,,,,,,,,,,,,,,,,,,,,,,,,,,,,,,,,,,,,,,,,,,,,,,,,,,,,,,,,,,,,,,,,,,,,,,,,,,,,,,,,,,,,,,,,,,,,,,,,,,,,,,,,,,,,,,,,,,,,,,,,,,,,,,,,,,,,,,,,,,,,,,,,,,,,,,,,,,,,,,,,,,,,,,,,,,,,,,,,,,,,,,,,,,,,,,,,,,,,,,,,,,,,,,,,,,,,,,,,,,,,,,,,,,,,,,,,,,,,,,,,,,,,,,,,,,,,,,,,,,,,,,,,,,,,,,,,,,,,,,,,,,,,,,,,,,,,,,,,,,,,,,,,,,,,,,,,,,,,,,,
,,,,,,,,,,,,,,,,,,,,,,,,,,,,,,,,,,,,,,,,,,,,,,,,,,,,,,,,,,,,,,,,,,,,,,,,,,,,,,,,,,,,,,,,,,,,,,,,,,,,,,,,,,,,,,,,,,,,,,,,,,,,,,,,,,,,,,,,,,,,,,,,,,,,,,,,,,,,,,,,,,,,,,,,,,,,,,,,,,,,,,,,,,,,,,,,,,,,,,,,,,,,,,,,,,,,,,,,,,,,,,,,,,,,,,,,,,,,,,,,,,,,,,,,,,,,,,,,,,,,,,,,,,,,,,,,,,,,,,,,,,,,,,,,,,,,,,,,,,,,,,,,,,,,,,,,,,,,,,,,,,,,,,,,,,,,,,,,,,
,,,,,,,,,,,,,,,,,,,,,,,,,,,,,,,,,,,,,,,,,,,,,,,,,,,,,,,,,,,,,,,,,,,,,,,,,,,,,,,,,,,,,,,,,,,,,,,,,,,,,,,,,,,,,,,,,,,,,,,,,,,,,,,,,,,,,,,,,,,,,,,,,,,,,,,,,,,,,,,,,,,,,,,,,,,,,,,,,,,,,,,,,,,,,,,,,,,,,,,,,,,,,,,,,,,,,,,,,,,,,,,,,,,,,,,,,,,,,,,,,,,,,,,,,,,,,,,,,,,,,,,,,,,,,,,,,,,,,,,,,,,,,,,,,,,,,,,,,,,,,,,,,,,,,,,,,,,,,,,,,,,,,,,,,,,,,,,,,,
,,,,,,,,,,,,,,,,,,,,,,,,,,,,,,,,,,,,,,,,,,,,,,,,,,,,,,,,,,,,,,,,,,,,,,,,,,,,,,,,,,,,,,,,,,,,,,,,,,,,,,,,,,,,,,,,,,,,,,,,,,,,,,,,,,,,,,,,,,,,,,,,,,,,,,,,,,,,,,,,,,,,,,,,,,,,,,,,,,,,,,,,,,,,,,,,,,,,,,,,,,,,,,,,,,,,,,,,,,,,,,,,,,,,,,,,,,,,,,,,,,,,,,,,,,,,,,,,,,,,,,,,,,,,,,,,,,,,,,,,,,,,,,,,,,,,,,,,,,,,,,,,,,,,,,,,,,,,,,,,,,,,,,,,,,,,,,,,,,
,,,,,,,,,,,,,,,,,,,,,,,,,,,,,,,,,,,,,,,,,,,,,,,,,,,,,,,,,,,,,,,,,,,,,,,,,,,,,,,,,,,,,,,,,,,,,,,,,,,,,,,,,,,,,,,,,,,,,,,,,,,,,,,,,,,,,,,,,,,,,,,,,,,,,,,,,,,,,,,,,,,,,,,,,,,,,,,,,,,,,,,,,,,,,,,,,,,,,,,,,,,,,,,,,,,,,,,,,,,,,,,,,,,,,,,,,,,,,,,,,,,,,,,,,,,,,,,,,,,,,,,,,,,,,,,,,,,,,,,,,,,,,,,,,,,,,,,,,,,,,,,,,,,,,,,,,,,,,,,,,,,,,,,,,,,,,,,,,,
,,,,,,,,,,,,,,,,,,,,,,,,,,,,,,,,,,,,,,,,,,,,,,,,,,,,,,,,,,,,,,,,,,,,,,,,,,,,,,,,,,,,,,,,,,,,,,,,,,,,,,,,,,,,,,,,,,,,,,,,,,,,,,,,,,,,,,,,,,,,,,,,,,,,,,,,,,,,,,,,,,,,,,,,,,,,,,,,,,,,,,,,,,,,,,,,,,,,,,,,,,,,,,,,,,,,,,,,,,,,,,,,,,,,,,,,,,,,,,,,,,,,,,,,,,,,,,,,,,,,,,,,,,,,,,,,,,,,,,,,,,,,,,,,,,,,,,,,,,,,,,,,,,,,,,,,,,,,,,,,,,,,,,,,,,,,,,,,,,
,,,,,,,,,,,,,,,,,,,,,,,,,,,,,,,,,,,,,,,,,,,,,,,,,,,,,,,,,,,,,,,,,,,,,,,,,,,,,,,,,,,,,,,,,,,,,,,,,,,,,,,,,,,,,,,,,,,,,,,,,,,,,,,,,,,,,,,,,,,,,,,,,,,,,,,,,,,,,,,,,,,,,,,,,,,,,,,,,,,,,,,,,,,,,,,,,,,,,,,,,,,,,,,,,,,,,,,,,,,,,,,,,,,,,,,,,,,,,,,,,,,,,,,,,,,,,,,,,,,,,,,,,,,,,,,,,,,,,,,,,,,,,,,,,,,,,,,,,,,,,,,,,,,,,,,,,,,,,,,,,,,,,,,,,,,,,,,,,,
,,,,,,,,,,,,,,,,,,,,,,,,,,,,,,,,,,,,,,,,,,,,,,,,,,,,,,,,,,,,,,,,,,,,,,,,,,,,,,,,,,,,,,,,,,,,,,,,,,,,,,,,,,,,,,,,,,,,,,,,,,,,,,,,,,,,,,,,,,,,,,,,,,,,,,,,,,,,,,,,,,,,,,,,,,,,,,,,,,,,,,,,,,,,,,,,,,,,,,,,,,,,,,,,,,,,,,,,,,,,,,,,,,,,,,,,,,,,,,,,,,,,,,,,,,,,,,,,,,,,,,,,,,,,,,,,,,,,,,,,,,,,,,,,,,,,,,,,,,,,,,,,,,,,,,,,,,,,,,,,,,,,,,,,,,,,,,,,,,
,,,,,,,,,,,,,,,,,,,,,,,,,,,,,,,,,,,,,,,,,,,,,,,,,,,,,,,,,,,,,,,,,,,,,,,,,,,,,,,,,,,,,,,,,,,,,,,,,,,,,,,,,,,,,,,,,,,,,,,,,,,,,,,,,,,,,,,,,,,,,,,,,,,,,,,,,,,,,,,,,,,,,,,,,,,,,,,,,,,,,,,,,,,,,,,,,,,,,,,,,,,,,,,,,,,,,,,,,,,,,,,,,,,,,,,,,,,,,,,,,,,,,,,,,,,,,,,,,,,,,,,,,,,,,,,,,,,,,,,,,,,,,,,,,,,,,,,,,,,,,,,,,,,,,,,,,,,,,,,,,,,,,,,,,,,,,,,,,,
,,,,,,,,,,,,,,,,,,,,,,,,,,,,,,,,,,,,,,,,,,,,,,,,,,,,,,,,,,,,,,,,,,,,,,,,,,,,,,,,,,,,,,,,,,,,,,,,,,,,,,,,,,,,,,,,,,,,,,,,,,,,,,,,,,,,,,,,,,,,,,,,,,,,,,,,,,,,,,,,,,,,,,,,,,,,,,,,,,,,,,,,,,,,,,,,,,,,,,,,,,,,,,,,,,,,,,,,,,,,,,,,,,,,,,,,,,,,,,,,,,,,,,,,,,,,,,,,,,,,,,,,,,,,,,,,,,,,,,,,,,,,,,,,,,,,,,,,,,,,,,,,,,,,,,,,,,,,,,,,,,,,,,,,,,,,,,,,,,
,,,,,,,,,,,,,,,,,,,,,,,,,,,,,,,,,,,,,,,,,,,,,,,,,,,,,,,,,,,,,,,,,,,,,,,,,,,,,,,,,,,,,,,,,,,,,,,,,,,,,,,,,,,,,,,,,,,,,,,,,,,,,,,,,,,,,,,,,,,,,,,,,,,,,,,,,,,,,,,,,,,,,,,,,,,,,,,,,,,,,,,,,,,,,,,,,,,,,,,,,,,,,,,,,,,,,,,,,,,,,,,,,,,,,,,,,,,,,,,,,,,,,,,,,,,,,,,,,,,,,,,,,,,,,,,,,,,,,,,,,,,,,,,,,,,,,,,,,,,,,,,,,,,,,,,,,,,,,,,,,,,,,,,,,,,,,,,,,,
,,,,,,,,,,,,,,,,,,,,,,,,,,,,,,,,,,,,,,,,,,,,,,,,,,,,,,,,,,,,,,,,,,,,,,,,,,,,,,,,,,,,,,,,,,,,,,,,,,,,,,,,,,,,,,,,,,,,,,,,,,,,,,,,,,,,,,,,,,,,,,,,,,,,,,,,,,,,,,,,,,,,,,,,,,,,,,,,,,,,,,,,,,,,,,,,,,,,,,,,,,,,,,,,,,,,,,,,,,,,,,,,,,,,,,,,,,,,,,,,,,,,,,,,,,,,,,,,,,,,,,,,,,,,,,,,,,,,,,,,,,,,,,,,,,,,,,,,,,,,,,,,,,,,,,,,,,,,,,,,,,,,,,,,,,,,,,,,,,
,,,,,,,,,,,,,,,,,,,,,,,,,,,,,,,,,,,,,,,,,,,,,,,,,,,,,,,,,,,,,,,,,,,,,,,,,,,,,,,,,,,,,,,,,,,,,,,,,,,,,,,,,,,,,,,,,,,,,,,,,,,,,,,,,,,,,,,,,,,,,,,,,,,,,,,,,,,,,,,,,,,,,,,,,,,,,,,,,,,,,,,,,,,,,,,,,,,,,,,,,,,,,,,,,,,,,,,,,,,,,,,,,,,,,,,,,,,,,,,,,,,,,,,,,,,,,,,,,,,,,,,,,,,,,,,,,,,,,,,,,,,,,,,,,,,,,,,,,,,,,,,,,,,,,,,,,,,,,,,,,,,,,,,,,,,,,,,,,,
,,,,,,,,,,,,,,,,,,,,,,,,,,,,,,,,,,,,,,,,,,,,,,,,,,,,,,,,,,,,,,,,,,,,,,,,,,,,,,,,,,,,,,,,,,,,,,,,,,,,,,,,,,,,,,,,,,,,,,,,,,,,,,,,,,,,,,,,,,,,,,,,,,,,,,,,,,,,,,,,,,,,,,,,,,,,,,,,,,,,,,,,,,,,,,,,,,,,,,,,,,,,,,,,,,,,,,,,,,,,,,,,,,,,,,,,,,,,,,,,,,,,,,,,,,,,,,,,,,,,,,,,,,,,,,,,,,,,,,,,,,,,,,,,,,,,,,,,,,,,,,,,,,,,,,,,,,,,,,,,,,,,,,,,,,,,,,,,,,
,,,,,,,,,,,,,,,,,,,,,,,,,,,,,,,,,,,,,,,,,,,,,,,,,,,,,,,,,,,,,,,,,,,,,,,,,,,,,,,,,,,,,,,,,,,,,,,,,,,,,,,,,,,,,,,,,,,,,,,,,,,,,,,,,,,,,,,,,,,,,,,,,,,,,,,,,,,,,,,,,,,,,,,,,,,,,,,,,,,,,,,,,,,,,,,,,,,,,,,,,,,,,,,,,,,,,,,,,,,,,,,,,,,,,,,,,,,,,,,,,,,,,,,,,,,,,,,,,,,,,,,,,,,,,,,,,,,,,,,,,,,,,,,,,,,,,,,,,,,,,,,,,,,,,,,,,,,,,,,,,,,,,,,,,,,,,,,,,,
,,,,,,,,,,,,,,,,,,,,,,,,,,,,,,,,,,,,,,,,,,,,,,,,,,,,,,,,,,,,,,,,,,,,,,,,,,,,,,,,,,,,,,,,,,,,,,,,,,,,,,,,,,,,,,,,,,,,,,,,,,,,,,,,,,,,,,,,,,,,,,,,,,,,,,,,,,,,,,,,,,,,,,,,,,,,,,,,,,,,,,,,,,,,,,,,,,,,,,,,,,,,,,,,,,,,,,,,,,,,,,,,,,,,,,,,,,,,,,,,,,,,,,,,,,,,,,,,,,,,,,,,,,,,,,,,,,,,,,,,,,,,,,,,,,,,,,,,,,,,,,,,,,,,,,,,,,,,,,,,,,,,,,,,,,,,,,,,,,
,,,,,,,,,,,,,,,,,,,,,,,,,,,,,,,,,,,,,,,,,,,,,,,,,,,,,,,,,,,,,,,,,,,,,,,,,,,,,,,,,,,,,,,,,,,,,,,,,,,,,,,,,,,,,,,,,,,,,,,,,,,,,,,,,,,,,,,,,,,,,,,,,,,,,,,,,,,,,,,,,,,,,,,,,,,,,,,,,,,,,,,,,,,,,,,,,,,,,,,,,,,,,,,,,,,,,,,,,,,,,,,,,,,,,,,,,,,,,,,,,,,,,,,,,,,,,,,,,,,,,,,,,,,,,,,,,,,,,,,,,,,,,,,,,,,,,,,,,,,,,,,,,,,,,,,,,,,,,,,,,,,,,,,,,,,,,,,,,,
,,,,,,,,,,,,,,,,,,,,,,,,,,,,,,,,,,,,,,,,,,,,,,,,,,,,,,,,,,,,,,,,,,,,,,,,,,,,,,,,,,,,,,,,,,,,,,,,,,,,,,,,,,,,,,,,,,,,,,,,,,,,,,,,,,,,,,,,,,,,,,,,,,,,,,,,,,,,,,,,,,,,,,,,,,,,,,,,,,,,,,,,,,,,,,,,,,,,,,,,,,,,,,,,,,,,,,,,,,,,,,,,,,,,,,,,,,,,,,,,,,,,,,,,,,,,,,,,,,,,,,,,,,,,,,,,,,,,,,,,,,,,,,,,,,,,,,,,,,,,,,,,,,,,,,,,,,,,,,,,,,,,,,,,,,,,,,,,,,
,,,,,,,,,,,,,,,,,,,,,,,,,,,,,,,,,,,,,,,,,,,,,,,,,,,,,,,,,,,,,,,,,,,,,,,,,,,,,,,,,,,,,,,,,,,,,,,,,,,,,,,,,,,,,,,,,,,,,,,,,,,,,,,,,,,,,,,,,,,,,,,,,,,,,,,,,,,,,,,,,,,,,,,,,,,,,,,,,,,,,,,,,,,,,,,,,,,,,,,,,,,,,,,,,,,,,,,,,,,,,,,,,,,,,,,,,,,,,,,,,,,,,,,,,,,,,,,,,,,,,,,,,,,,,,,,,,,,,,,,,,,,,,,,,,,,,,,,,,,,,,,,,,,,,,,,,,,,,,,,,,,,,,,,,,,,,,,,,,
,,,,,,,,,,,,,,,,,,,,,,,,,,,,,,,,,,,,,,,,,,,,,,,,,,,,,,,,,,,,,,,,,,,,,,,,,,,,,,,,,,,,,,,,,,,,,,,,,,,,,,,,,,,,,,,,,,,,,,,,,,,,,,,,,,,,,,,,,,,,,,,,,,,,,,,,,,,,,,,,,,,,,,,,,,,,,,,,,,,,,,,,,,,,,,,,,,,,,,,,,,,,,,,,,,,,,,,,,,,,,,,,,,,,,,,,,,,,,,,,,,,,,,,,,,,,,,,,,,,,,,,,,,,,,,,,,,,,,,,,,,,,,,,,,,,,,,,,,,,,,,,,,,,,,,,,,,,,,,,,,,,,,,,,,,,,,,,,,,
,,,,,,,,,,,,,,,,,,,,,,,,,,,,,,,,,,,,,,,,,,,,,,,,,,,,,,,,,,,,,,,,,,,,,,,,,,,,,,,,,,,,,,,,,,,,,,,,,,,,,,,,,,,,,,,,,,,,,,,,,,,,,,,,,,,,,,,,,,,,,,,,,,,,,,,,,,,,,,,,,,,,,,,,,,,,,,,,,,,,,,,,,,,,,,,,,,,,,,,,,,,,,,,,,,,,,,,,,,,,,,,,,,,,,,,,,,,,,,,,,,,,,,,,,,,,,,,,,,,,,,,,,,,,,,,,,,,,,,,,,,,,,,,,,,,,,,,,,,,,,,,,,,,,,,,,,,,,,,,,,,,,,,,,,,,,,,,,,,
,,,,,,,,,,,,,,,,,,,,,,,,,,,,,,,,,,,,,,,,,,,,,,,,,,,,,,,,,,,,,,,,,,,,,,,,,,,,,,,,,,,,,,,,,,,,,,,,,,,,,,,,,,,,,,,,,,,,,,,,,,,,,,,,,,,,,,,,,,,,,,,,,,,,,,,,,,,,,,,,,,,,,,,,,,,,,,,,,,,,,,,,,,,,,,,,,,,,,,,,,,,,,,,,,,,,,,,,,,,,,,,,,,,,,,,,,,,,,,,,,,,,,,,,,,,,,,,,,,,,,,,,,,,,,,,,,,,,,,,,,,,,,,,,,,,,,,,,,,,,,,,,,,,,,,,,,,,,,,,,,,,,,,,,,,,,,,,,,,
,,,,,,,,,,,,,,,,,,,,,,,,,,,,,,,,,,,,,,,,,,,,,,,,,,,,,,,,,,,,,,,,,,,,,,,,,,,,,,,,,,,,,,,,,,,,,,,,,,,,,,,,,,,,,,,,,,,,,,,,,,,,,,,,,,,,,,,,,,,,,,,,,,,,,,,,,,,,,,,,,,,,,,,,,,,,,,,,,,,,,,,,,,,,,,,,,,,,,,,,,,,,,,,,,,,,,,,,,,,,,,,,,,,,,,,,,,,,,,,,,,,,,,,,,,,,,,,,,,,,,,,,,,,,,,,,,,,,,,,,,,,,,,,,,,,,,,,,,,,,,,,,,,,,,,,,,,,,,,,,,,,,,,,,,,,,,,,,,,
,,,,,,,,,,,,,,,,,,,,,,,,,,,,,,,,,,,,,,,,,,,,,,,,,,,,,,,,,,,,,,,,,,,,,,,,,,,,,,,,,,,,,,,,,,,,,,,,,,,,,,,,,,,,,,,,,,,,,,,,,,,,,,,,,,,,,,,,,,,,,,,,,,,,,,,,,,,,,,,,,,,,,,,,,,,,,,,,,,,,,,,,,,,,,,,,,,,,,,,,,,,,,,,,,,,,,,,,,,,,,,,,,,,,,,,,,,,,,,,,,,,,,,,,,,,,,,,,,,,,,,,,,,,,,,,,,,,,,,,,,,,,,,,,,,,,,,,,,,,,,,,,,,,,,,,,,,,,,,,,,,,,,,,,,,,,,,,,,,
,,,,,,,,,,,,,,,,,,,,,,,,,,,,,,,,,,,,,,,,,,,,,,,,,,,,,,,,,,,,,,,,,,,,,,,,,,,,,,,,,,,,,,,,,,,,,,,,,,,,,,,,,,,,,,,,,,,,,,,,,,,,,,,,,,,,,,,,,,,,,,,,,,,,,,,,,,,,,,,,,,,,,,,,,,,,,,,,,,,,,,,,,,,,,,,,,,,,,,,,,,,,,,,,,,,,,,,,,,,,,,,,,,,,,,,,,,,,,,,,,,,,,,,,,,,,,,,,,,,,,,,,,,,,,,,,,,,,,,,,,,,,,,,,,,,,,,,,,,,,,,,,,,,,,,,,,,,,,,,,,,,,,,,,,,,,,,,,,,
,,,,,,,,,,,,,,,,,,,,,,,,,,,,,,,,,,,,,,,,,,,,,,,,,,,,,,,,,,,,,,,,,,,,,,,,,,,,,,,,,,,,,,,,,,,,,,,,,,,,,,,,,,,,,,,,,,,,,,,,,,,,,,,,,,,,,,,,,,,,,,,,,,,,,,,,,,,,,,,,,,,,,,,,,,,,,,,,,,,,,,,,,,,,,,,,,,,,,,,,,,,,,,,,,,,,,,,,,,,,,,,,,,,,,,,,,,,,,,,,,,,,,,,,,,,,,,,,,,,,,,,,,,,,,,,,,,,,,,,,,,,,,,,,,,,,,,,,,,,,,,,,,,,,,,,,,,,,,,,,,,,,,,,,,,,,,,,,,,
,,,,,,,,,,,,,,,,,,,,,,,,,,,,,,,,,,,,,,,,,,,,,,,,,,,,,,,,,,,,,,,,,,,,,,,,,,,,,,,,,,,,,,,,,,,,,,,,,,,,,,,,,,,,,,,,,,,,,,,,,,,,,,,,,,,,,,,,,,,,,,,,,,,,,,,,,,,,,,,,,,,,,,,,,,,,,,,,,,,,,,,,,,,,,,,,,,,,,,,,,,,,,,,,,,,,,,,,,,,,,,,,,,,,,,,,,,,,,,,,,,,,,,,,,,,,,,,,,,,,,,,,,,,,,,,,,,,,,,,,,,,,,,,,,,,,,,,,,,,,,,,,,,,,,,,,,,,,,,,,,,,,,,,,,,,,,,,,,,
,,,,,,,,,,,,,,,,,,,,,,,,,,,,,,,,,,,,,,,,,,,,,,,,,,,,,,,,,,,,,,,,,,,,,,,,,,,,,,,,,,,,,,,,,,,,,,,,,,,,,,,,,,,,,,,,,,,,,,,,,,,,,,,,,,,,,,,,,,,,,,,,,,,,,,,,,,,,,,,,,,,,,,,,,,,,,,,,,,,,,,,,,,,,,,,,,,,,,,,,,,,,,,,,,,,,,,,,,,,,,,,,,,,,,,,,,,,,,,,,,,,,,,,,,,,,,,,,,,,,,,,,,,,,,,,,,,,,,,,,,,,,,,,,,,,,,,,,,,,,,,,,,,,,,,,,,,,,,,,,,,,,,,,,,,,,,,,,,,
,,,,,,,,,,,,,,,,,,,,,,,,,,,,,,,,,,,,,,,,,,,,,,,,,,,,,,,,,,,,,,,,,,,,,,,,,,,,,,,,,,,,,,,,,,,,,,,,,,,,,,,,,,,,,,,,,,,,,,,,,,,,,,,,,,,,,,,,,,,,,,,,,,,,,,,,,,,,,,,,,,,,,,,,,,,,,,,,,,,,,,,,,,,,,,,,,,,,,,,,,,,,,,,,,,,,,,,,,,,,,,,,,,,,,,,,,,,,,,,,,,,,,,,,,,,,,,,,,,,,,,,,,,,,,,,,,,,,,,,,,,,,,,,,,,,,,,,,,,,,,,,,,,,,,,,,,,,,,,,,,,,,,,,,,,,,,,,,,,
,,,,,,,,,,,,,,,,,,,,,,,,,,,,,,,,,,,,,,,,,,,,,,,,,,,,,,,,,,,,,,,,,,,,,,,,,,,,,,,,,,,,,,,,,,,,,,,,,,,,,,,,,,,,,,,,,,,,,,,,,,,,,,,,,,,,,,,,,,,,,,,,,,,,,,,,,,,,,,,,,,,,,,,,,,,,,,,,,,,,,,,,,,,,,,,,,,,,,,,,,,,,,,,,,,,,,,,,,,,,,,,,,,,,,,,,,,,,,,,,,,,,,,,,,,,,,,,,,,,,,,,,,,,,,,,,,,,,,,,,,,,,,,,,,,,,,,,,,,,,,,,,,,,,,,,,,,,,,,,,,,,,,,,,,,,,,,,,,,
,,,,,,,,,,,,,,,,,,,,,,,,,,,,,,,,,,,,,,,,,,,,,,,,,,,,,,,,,,,,,,,,,,,,,,,,,,,,,,,,,,,,,,,,,,,,,,,,,,,,,,,,,,,,,,,,,,,,,,,,,,,,,,,,,,,,,,,,,,,,,,,,,,,,,,,,,,,,,,,,,,,,,,,,,,,,,,,,,,,,,,,,,,,,,,,,,,,,,,,,,,,,,,,,,,,,,,,,,,,,,,,,,,,,,,,,,,,,,,,,,,,,,,,,,,,,,,,,,,,,,,,,,,,,,,,,,,,,,,,,,,,,,,,,,,,,,,,,,,,,,,,,,,,,,,,,,,,,,,,,,,,,,,,,,,,,,,,,,,
,,,,,,,,,,,,,,,,,,,,,,,,,,,,,,,,,,,,,,,,,,,,,,,,,,,,,,,,,,,,,,,,,,,,,,,,,,,,,,,,,,,,,,,,,,,,,,,,,,,,,,,,,,,,,,,,,,,,,,,,,,,,,,,,,,,,,,,,,,,,,,,,,,,,,,,,,,,,,,,,,,,,,,,,,,,,,,,,,,,,,,,,,,,,,,,,,,,,,,,,,,,,,,,,,,,,,,,,,,,,,,,,,,,,,,,,,,,,,,,,,,,,,,,,,,,,,,,,,,,,,,,,,,,,,,,,,,,,,,,,,,,,,,,,,,,,,,,,,,,,,,,,,,,,,,,,,,,,,,,,,,,,,,,,,,,,,,,,,,
,,,,,,,,,,,,,,,,,,,,,,,,,,,,,,,,,,,,,,,,,,,,,,,,,,,,,,,,,,,,,,,,,,,,,,,,,,,,,,,,,,,,,,,,,,,,,,,,,,,,,,,,,,,,,,,,,,,,,,,,,,,,,,,,,,,,,,,,,,,,,,,,,,,,,,,,,,,,,,,,,,,,,,,,,,,,,,,,,,,,,,,,,,,,,,,,,,,,,,,,,,,,,,,,,,,,,,,,,,,,,,,,,,,,,,,,,,,,,,,,,,,,,,,,,,,,,,,,,,,,,,,,,,,,,,,,,,,,,,,,,,,,,,,,,,,,,,,,,,,,,,,,,,,,,,,,,,,,,,,,,,,,,,,,,,,,,,,,,,
,,,,,,,,,,,,,,,,,,,,,,,,,,,,,,,,,,,,,,,,,,,,,,,,,,,,,,,,,,,,,,,,,,,,,,,,,,,,,,,,,,,,,,,,,,,,,,,,,,,,,,,,,,,,,,,,,,,,,,,,,,,,,,,,,,,,,,,,,,,,,,,,,,,,,,,,,,,,,,,,,,,,,,,,,,,,,,,,,,,,,,,,,,,,,,,,,,,,,,,,,,,,,,,,,,,,,,,,,,,,,,,,,,,,,,,,,,,,,,,,,,,,,,,,,,,,,,,,,,,,,,,,,,,,,,,,,,,,,,,,,,,,,,,,,,,,,,,,,,,,,,,,,,,,,,,,,,,,,,,,,,,,,,,,,,,,,,,,,,
,,,,,,,,,,,,,,,,,,,,,,,,,,,,,,,,,,,,,,,,,,,,,,,,,,,,,,,,,,,,,,,,,,,,,,,,,,,,,,,,,,,,,,,,,,,,,,,,,,,,,,,,,,,,,,,,,,,,,,,,,,,,,,,,,,,,,,,,,,,,,,,,,,,,,,,,,,,,,,,,,,,,,,,,,,,,,,,,,,,,,,,,,,,,,,,,,,,,,,,,,,,,,,,,,,,,,,,,,,,,,,,,,,,,,,,,,,,,,,,,,,,,,,,,,,,,,,,,,,,,,,,,,,,,,,,,,,,,,,,,,,,,,,,,,,,,,,,,,,,,,,,,,,,,,,,,,,,,,,,,,,,,,,,,,,,,,,,,,,
,,,,,,,,,,,,,,,,,,,,,,,,,,,,,,,,,,,,,,,,,,,,,,,,,,,,,,,,,,,,,,,,,,,,,,,,,,,,,,,,,,,,,,,,,,,,,,,,,,,,,,,,,,,,,,,,,,,,,,,,,,,,,,,,,,,,,,,,,,,,,,,,,,,,,,,,,,,,,,,,,,,,,,,,,,,,,,,,,,,,,,,,,,,,,,,,,,,,,,,,,,,,,,,,,,,,,,,,,,,,,,,,,,,,,,,,,,,,,,,,,,,,,,,,,,,,,,,,,,,,,,,,,,,,,,,,,,,,,,,,,,,,,,,,,,,,,,,,,,,,,,,,,,,,,,,,,,,,,,,,,,,,,,,,,,,,,,,,,,
,,,,,,,,,,,,,,,,,,,,,,,,,,,,,,,,,,,,,,,,,,,,,,,,,,,,,,,,,,,,,,,,,,,,,,,,,,,,,,,,,,,,,,,,,,,,,,,,,,,,,,,,,,,,,,,,,,,,,,,,,,,,,,,,,,,,,,,,,,,,,,,,,,,,,,,,,,,,,,,,,,,,,,,,,,,,,,,,,,,,,,,,,,,,,,,,,,,,,,,,,,,,,,,,,,,,,,,,,,,,,,,,,,,,,,,,,,,,,,,,,,,,,,,,,,,,,,,,,,,,,,,,,,,,,,,,,,,,,,,,,,,,,,,,,,,,,,,,,,,,,,,,,,,,,,,,,,,,,,,,,,,,,,,,,,,,,,,,,,
,,,,,,,,,,,,,,,,,,,,,,,,,,,,,,,,,,,,,,,,,,,,,,,,,,,,,,,,,,,,,,,,,,,,,,,,,,,,,,,,,,,,,,,,,,,,,,,,,,,,,,,,,,,,,,,,,,,,,,,,,,,,,,,,,,,,,,,,,,,,,,,,,,,,,,,,,,,,,,,,,,,,,,,,,,,,,,,,,,,,,,,,,,,,,,,,,,,,,,,,,,,,,,,,,,,,,,,,,,,,,,,,,,,,,,,,,,,,,,,,,,,,,,,,,,,,,,,,,,,,,,,,,,,,,,,,,,,,,,,,,,,,,,,,,,,,,,,,,,,,,,,,,,,,,,,,,,,,,,,,,,,,,,,,,,,,,,,,,,
,,,,,,,,,,,,,,,,,,,,,,,,,,,,,,,,,,,,,,,,,,,,,,,,,,,,,,,,,,,,,,,,,,,,,,,,,,,,,,,,,,,,,,,,,,,,,,,,,,,,,,,,,,,,,,,,,,,,,,,,,,,,,,,,,,,,,,,,,,,,,,,,,,,,,,,,,,,,,,,,,,,,,,,,,,,,,,,,,,,,,,,,,,,,,,,,,,,,,,,,,,,,,,,,,,,,,,,,,,,,,,,,,,,,,,,,,,,,,,,,,,,,,,,,,,,,,,,,,,,,,,,,,,,,,,,,,,,,,,,,,,,,,,,,,,,,,,,,,,,,,,,,,,,,,,,,,,,,,,,,,,,,,,,,,,,,,,,,,,
,,,,,,,,,,,,,,,,,,,,,,,,,,,,,,,,,,,,,,,,,,,,,,,,,,,,,,,,,,,,,,,,,,,,,,,,,,,,,,,,,,,,,,,,,,,,,,,,,,,,,,,,,,,,,,,,,,,,,,,,,,,,,,,,,,,,,,,,,,,,,,,,,,,,,,,,,,,,,,,,,,,,,,,,,,,,,,,,,,,,,,,,,,,,,,,,,,,,,,,,,,,,,,,,,,,,,,,,,,,,,,,,,,,,,,,,,,,,,,,,,,,,,,,,,,,,,,,,,,,,,,,,,,,,,,,,,,,,,,,,,,,,,,,,,,,,,,,,,,,,,,,,,,,,,,,,,,,,,,,,,,,,,,,,,,,,,,,,,,
,,,,,,,,,,,,,,,,,,,,,,,,,,,,,,,,,,,,,,,,,,,,,,,,,,,,,,,,,,,,,,,,,,,,,,,,,,,,,,,,,,,,,,,,,,,,,,,,,,,,,,,,,,,,,,,,,,,,,,,,,,,,,,,,,,,,,,,,,,,,,,,,,,,,,,,,,,,,,,,,,,,,,,,,,,,,,,,,,,,,,,,,,,,,,,,,,,,,,,,,,,,,,,,,,,,,,,,,,,,,,,,,,,,,,,,,,,,,,,,,,,,,,,,,,,,,,,,,,,,,,,,,,,,,,,,,,,,,,,,,,,,,,,,,,,,,,,,,,,,,,,,,,,,,,,,,,,,,,,,,,,,,,,,,,,,,,,,,,,
,,,,,,,,,,,,,,,,,,,,,,,,,,,,,,,,,,,,,,,,,,,,,,,,,,,,,,,,,,,,,,,,,,,,,,,,,,,,,,,,,,,,,,,,,,,,,,,,,,,,,,,,,,,,,,,,,,,,,,,,,,,,,,,,,,,,,,,,,,,,,,,,,,,,,,,,,,,,,,,,,,,,,,,,,,,,,,,,,,,,,,,,,,,,,,,,,,,,,,,,,,,,,,,,,,,,,,,,,,,,,,,,,,,,,,,,,,,,,,,,,,,,,,,,,,,,,,,,,,,,,,,,,,,,,,,,,,,,,,,,,,,,,,,,,,,,,,,,,,,,,,,,,,,,,,,,,,,,,,,,,,,,,,,,,,,,,,,,,,
,,,,,,,,,,,,,,,,,,,,,,,,,,,,,,,,,,,,,,,,,,,,,,,,,,,,,,,,,,,,,,,,,,,,,,,,,,,,,,,,,,,,,,,,,,,,,,,,,,,,,,,,,,,,,,,,,,,,,,,,,,,,,,,,,,,,,,,,,,,,,,,,,,,,,,,,,,,,,,,,,,,,,,,,,,,,,,,,,,,,,,,,,,,,,,,,,,,,,,,,,,,,,,,,,,,,,,,,,,,,,,,,,,,,,,,,,,,,,,,,,,,,,,,,,,,,,,,,,,,,,,,,,,,,,,,,,,,,,,,,,,,,,,,,,,,,,,,,,,,,,,,,,,,,,,,,,,,,,,,,,,,,,,,,,,,,,,,,,,
,,,,,,,,,,,,,,,,,,,,,,,,,,,,,,,,,,,,,,,,,,,,,,,,,,,,,,,,,,,,,,,,,,,,,,,,,,,,,,,,,,,,,,,,,,,,,,,,,,,,,,,,,,,,,,,,,,,,,,,,,,,,,,,,,,,,,,,,,,,,,,,,,,,,,,,,,,,,,,,,,,,,,,,,,,,,,,,,,,,,,,,,,,,,,,,,,,,,,,,,,,,,,,,,,,,,,,,,,,,,,,,,,,,,,,,,,,,,,,,,,,,,,,,,,,,,,,,,,,,,,,,,,,,,,,,,,,,,,,,,,,,,,,,,,,,,,,,,,,,,,,,,,,,,,,,,,,,,,,,,,,,,,,,,,,,,,,,,,,
,,,,,,,,,,,,,,,,,,,,,,,,,,,,,,,,,,,,,,,,,,,,,,,,,,,,,,,,,,,,,,,,,,,,,,,,,,,,,,,,,,,,,,,,,,,,,,,,,,,,,,,,,,,,,,,,,,,,,,,,,,,,,,,,,,,,,,,,,,,,,,,,,,,,,,,,,,,,,,,,,,,,,,,,,,,,,,,,,,,,,,,,,,,,,,,,,,,,,,,,,,,,,,,,,,,,,,,,,,,,,,,,,,,,,,,,,,,,,,,,,,,,,,,,,,,,,,,,,,,,,,,,,,,,,,,,,,,,,,,,,,,,,,,,,,,,,,,,,,,,,,,,,,,,,,,,,,,,,,,,,,,,,,,,,,,,,,,,,,
,,,,,,,,,,,,,,,,,,,,,,,,,,,,,,,,,,,,,,,,,,,,,,,,,,,,,,,,,,,,,,,,,,,,,,,,,,,,,,,,,,,,,,,,,,,,,,,,,,,,,,,,,,,,,,,,,,,,,,,,,,,,,,,,,,,,,,,,,,,,,,,,,,,,,,,,,,,,,,,,,,,,,,,,,,,,,,,,,,,,,,,,,,,,,,,,,,,,,,,,,,,,,,,,,,,,,,,,,,,,,,,,,,,,,,,,,,,,,,,,,,,,,,,,,,,,,,,,,,,,,,,,,,,,,,,,,,,,,,,,,,,,,,,,,,,,,,,,,,,,,,,,,,,,,,,,,,,,,,,,,,,,,,,,,,,,,,,,,,
,,,,,,,,,,,,,,,,,,,,,,,,,,,,,,,,,,,,,,,,,,,,,,,,,,,,,,,,,,,,,,,,,,,,,,,,,,,,,,,,,,,,,,,,,,,,,,,,,,,,,,,,,,,,,,,,,,,,,,,,,,,,,,,,,,,,,,,,,,,,,,,,,,,,,,,,,,,,,,,,,,,,,,,,,,,,,,,,,,,,,,,,,,,,,,,,,,,,,,,,,,,,,,,,,,,,,,,,,,,,,,,,,,,,,,,,,,,,,,,,,,,,,,,,,,,,,,,,,,,,,,,,,,,,,,,,,,,,,,,,,,,,,,,,,,,,,,,,,,,,,,,,,,,,,,,,,,,,,,,,,,,,,,,,,,,,,,,,,,
,,,,,,,,,,,,,,,,,,,,,,,,,,,,,,,,,,,,,,,,,,,,,,,,,,,,,,,,,,,,,,,,,,,,,,,,,,,,,,,,,,,,,,,,,,,,,,,,,,,,,,,,,,,,,,,,,,,,,,,,,,,,,,,,,,,,,,,,,,,,,,,,,,,,,,,,,,,,,,,,,,,,,,,,,,,,,,,,,,,,,,,,,,,,,,,,,,,,,,,,,,,,,,,,,,,,,,,,,,,,,,,,,,,,,,,,,,,,,,,,,,,,,,,,,,,,,,,,,,,,,,,,,,,,,,,,,,,,,,,,,,,,,,,,,,,,,,,,,,,,,,,,,,,,,,,,,,,,,,,,,,,,,,,,,,,,,,,,,,
,,,,,,,,,,,,,,,,,,,,,,,,,,,,,,,,,,,,,,,,,,,,,,,,,,,,,,,,,,,,,,,,,,,,,,,,,,,,,,,,,,,,,,,,,,,,,,,,,,,,,,,,,,,,,,,,,,,,,,,,,,,,,,,,,,,,,,,,,,,,,,,,,,,,,,,,,,,,,,,,,,,,,,,,,,,,,,,,,,,,,,,,,,,,,,,,,,,,,,,,,,,,,,,,,,,,,,,,,,,,,,,,,,,,,,,,,,,,,,,,,,,,,,,,,,,,,,,,,,,,,,,,,,,,,,,,,,,,,,,,,,,,,,,,,,,,,,,,,,,,,,,,,,,,,,,,,,,,,,,,,,,,,,,,,,,,,,,,,,
,,,,,,,,,,,,,,,,,,,,,,,,,,,,,,,,,,,,,,,,,,,,,,,,,,,,,,,,,,,,,,,,,,,,,,,,,,,,,,,,,,,,,,,,,,,,,,,,,,,,,,,,,,,,,,,,,,,,,,,,,,,,,,,,,,,,,,,,,,,,,,,,,,,,,,,,,,,,,,,,,,,,,,,,,,,,,,,,,,,,,,,,,,,,,,,,,,,,,,,,,,,,,,,,,,,,,,,,,,,,,,,,,,,,,,,,,,,,,,,,,,,,,,,,,,,,,,,,,,,,,,,,,,,,,,,,,,,,,,,,,,,,,,,,,,,,,,,,,,,,,,,,,,,,,,,,,,,,,,,,,,,,,,,,,,,,,,,,,,
,,,,,,,,,,,,,,,,,,,,,,,,,,,,,,,,,,,,,,,,,,,,,,,,,,,,,,,,,,,,,,,,,,,,,,,,,,,,,,,,,,,,,,,,,,,,,,,,,,,,,,,,,,,,,,,,,,,,,,,,,,,,,,,,,,,,,,,,,,,,,,,,,,,,,,,,,,,,,,,,,,,,,,,,,,,,,,,,,,,,,,,,,,,,,,,,,,,,,,,,,,,,,,,,,,,,,,,,,,,,,,,,,,,,,,,,,,,,,,,,,,,,,,,,,,,,,,,,,,,,,,,,,,,,,,,,,,,,,,,,,,,,,,,,,,,,,,,,,,,,,,,,,,,,,,,,,,,,,,,,,,,,,,,,,,,,,,,,,,
,,,,,,,,,,,,,,,,,,,,,,,,,,,,,,,,,,,,,,,,,,,,,,,,,,,,,,,,,,,,,,,,,,,,,,,,,,,,,,,,,,,,,,,,,,,,,,,,,,,,,,,,,,,,,,,,,,,,,,,,,,,,,,,,,,,,,,,,,,,,,,,,,,,,,,,,,,,,,,,,,,,,,,,,,,,,,,,,,,,,,,,,,,,,,,,,,,,,,,,,,,,,,,,,,,,,,,,,,,,,,,,,,,,,,,,,,,,,,,,,,,,,,,,,,,,,,,,,,,,,,,,,,,,,,,,,,,,,,,,,,,,,,,,,,,,,,,,,,,,,,,,,,,,,,,,,,,,,,,,,,,,,,,,,,,,,,,,,,,
,,,,,,,,,,,,,,,,,,,,,,,,,,,,,,,,,,,,,,,,,,,,,,,,,,,,,,,,,,,,,,,,,,,,,,,,,,,,,,,,,,,,,,,,,,,,,,,,,,,,,,,,,,,,,,,,,,,,,,,,,,,,,,,,,,,,,,,,,,,,,,,,,,,,,,,,,,,,,,,,,,,,,,,,,,,,,,,,,,,,,,,,,,,,,,,,,,,,,,,,,,,,,,,,,,,,,,,,,,,,,,,,,,,,,,,,,,,,,,,,,,,,,,,,,,,,,,,,,,,,,,,,,,,,,,,,,,,,,,,,,,,,,,,,,,,,,,,,,,,,,,,,,,,,,,,,,,,,,,,,,,,,,,,,,,,,,,,,,,
,,,,,,,,,,,,,,,,,,,,,,,,,,,,,,,,,,,,,,,,,,,,,,,,,,,,,,,,,,,,,,,,,,,,,,,,,,,,,,,,,,,,,,,,,,,,,,,,,,,,,,,,,,,,,,,,,,,,,,,,,,,,,,,,,,,,,,,,,,,,,,,,,,,,,,,,,,,,,,,,,,,,,,,,,,,,,,,,,,,,,,,,,,,,,,,,,,,,,,,,,,,,,,,,,,,,,,,,,,,,,,,,,,,,,,,,,,,,,,,,,,,,,,,,,,,,,,,,,,,,,,,,,,,,,,,,,,,,,,,,,,,,,,,,,,,,,,,,,,,,,,,,,,,,,,,,,,,,,,,,,,,,,,,,,,,,,,,,,,
,,,,,,,,,,,,,,,,,,,,,,,,,,,,,,,,,,,,,,,,,,,,,,,,,,,,,,,,,,,,,,,,,,,,,,,,,,,,,,,,,,,,,,,,,,,,,,,,,,,,,,,,,,,,,,,,,,,,,,,,,,,,,,,,,,,,,,,,,,,,,,,,,,,,,,,,,,,,,,,,,,,,,,,,,,,,,,,,,,,,,,,,,,,,,,,,,,,,,,,,,,,,,,,,,,,,,,,,,,,,,,,,,,,,,,,,,,,,,,,,,,,,,,,,,,,,,,,,,,,,,,,,,,,,,,,,,,,,,,,,,,,,,,,,,,,,,,,,,,,,,,,,,,,,,,,,,,,,,,,,,,,,,,,,,,,,,,,,,,
,,,,,,,,,,,,,,,,,,,,,,,,,,,,,,,,,,,,,,,,,,,,,,,,,,,,,,,,,,,,,,,,,,,,,,,,,,,,,,,,,,,,,,,,,,,,,,,,,,,,,,,,,,,,,,,,,,,,,,,,,,,,,,,,,,,,,,,,,,,,,,,,,,,,,,,,,,,,,,,,,,,,,,,,,,,,,,,,,,,,,,,,,,,,,,,,,,,,,,,,,,,,,,,,,,,,,,,,,,,,,,,,,,,,,,,,,,,,,,,,,,,,,,,,,,,,,,,,,,,,,,,,,,,,,,,,,,,,,,,,,,,,,,,,,,,,,,,,,,,,,,,,,,,,,,,,,,,,,,,,,,,,,,,,,,,,,,,,,,
,,,,,,,,,,,,,,,,,,,,,,,,,,,,,,,,,,,,,,,,,,,,,,,,,,,,,,,,,,,,,,,,,,,,,,,,,,,,,,,,,,,,,,,,,,,,,,,,,,,,,,,,,,,,,,,,,,,,,,,,,,,,,,,,,,,,,,,,,,,,,,,,,,,,,,,,,,,,,,,,,,,,,,,,,,,,,,,,,,,,,,,,,,,,,,,,,,,,,,,,,,,,,,,,,,,,,,,,,,,,,,,,,,,,,,,,,,,,,,,,,,,,,,,,,,,,,,,,,,,,,,,,,,,,,,,,,,,,,,,,,,,,,,,,,,,,,,,,,,,,,,,,,,,,,,,,,,,,,,,,,,,,,,,,,,,,,,,,,,
,,,,,,,,,,,,,,,,,,,,,,,,,,,,,,,,,,,,,,,,,,,,,,,,,,,,,,,,,,,,,,,,,,,,,,,,,,,,,,,,,,,,,,,,,,,,,,,,,,,,,,,,,,,,,,,,,,,,,,,,,,,,,,,,,,,,,,,,,,,,,,,,,,,,,,,,,,,,,,,,,,,,,,,,,,,,,,,,,,,,,,,,,,,,,,,,,,,,,,,,,,,,,,,,,,,,,,,,,,,,,,,,,,,,,,,,,,,,,,,,,,,,,,,,,,,,,,,,,,,,,,,,,,,,,,,,,,,,,,,,,,,,,,,,,,,,,,,,,,,,,,,,,,,,,,,,,,,,,,,,,,,,,,,,,,,,,,,,,,
,,,,,,,,,,,,,,,,,,,,,,,,,,,,,,,,,,,,,,,,,,,,,,,,,,,,,,,,,,,,,,,,,,,,,,,,,,,,,,,,,,,,,,,,,,,,,,,,,,,,,,,,,,,,,,,,,,,,,,,,,,,,,,,,,,,,,,,,,,,,,,,,,,,,,,,,,,,,,,,,,,,,,,,,,,,,,,,,,,,,,,,,,,,,,,,,,,,,,,,,,,,,,,,,,,,,,,,,,,,,,,,,,,,,,,,,,,,,,,,,,,,,,,,,,,,,,,,,,,,,,,,,,,,,,,,,,,,,,,,,,,,,,,,,,,,,,,,,,,,,,,,,,,,,,,,,,,,,,,,,,,,,,,,,,,,,,,,,,,
,,,,,,,,,,,,,,,,,,,,,,,,,,,,,,,,,,,,,,,,,,,,,,,,,,,,,,,,,,,,,,,,,,,,,,,,,,,,,,,,,,,,,,,,,,,,,,,,,,,,,,,,,,,,,,,,,,,,,,,,,,,,,,,,,,,,,,,,,,,,,,,,,,,,,,,,,,,,,,,,,,,,,,,,,,,,,,,,,,,,,,,,,,,,,,,,,,,,,,,,,,,,,,,,,,,,,,,,,,,,,,,,,,,,,,,,,,,,,,,,,,,,,,,,,,,,,,,,,,,,,,,,,,,,,,,,,,,,,,,,,,,,,,,,,,,,,,,,,,,,,,,,,,,,,,,,,,,,,,,,,,,,,,,,,,,,,,,,,,
,,,,,,,,,,,,,,,,,,,,,,,,,,,,,,,,,,,,,,,,,,,,,,,,,,,,,,,,,,,,,,,,,,,,,,,,,,,,,,,,,,,,,,,,,,,,,,,,,,,,,,,,,,,,,,,,,,,,,,,,,,,,,,,,,,,,,,,,,,,,,,,,,,,,,,,,,,,,,,,,,,,,,,,,,,,,,,,,,,,,,,,,,,,,,,,,,,,,,,,,,,,,,,,,,,,,,,,,,,,,,,,,,,,,,,,,,,,,,,,,,,,,,,,,,,,,,,,,,,,,,,,,,,,,,,,,,,,,,,,,,,,,,,,,,,,,,,,,,,,,,,,,,,,,,,,,,,,,,,,,,,,,,,,,,,,,,,,,,,
,,,,,,,,,,,,,,,,,,,,,,,,,,,,,,,,,,,,,,,,,,,,,,,,,,,,,,,,,,,,,,,,,,,,,,,,,,,,,,,,,,,,,,,,,,,,,,,,,,,,,,,,,,,,,,,,,,,,,,,,,,,,,,,,,,,,,,,,,,,,,,,,,,,,,,,,,,,,,,,,,,,,,,,,,,,,,,,,,,,,,,,,,,,,,,,,,,,,,,,,,,,,,,,,,,,,,,,,,,,,,,,,,,,,,,,,,,,,,,,,,,,,,,,,,,,,,,,,,,,,,,,,,,,,,,,,,,,,,,,,,,,,,,,,,,,,,,,,,,,,,,,,,,,,,,,,,,,,,,,,,,,,,,,,,,,,,,,,,,
,,,,,,,,,,,,,,,,,,,,,,,,,,,,,,,,,,,,,,,,,,,,,,,,,,,,,,,,,,,,,,,,,,,,,,,,,,,,,,,,,,,,,,,,,,,,,,,,,,,,,,,,,,,,,,,,,,,,,,,,,,,,,,,,,,,,,,,,,,,,,,,,,,,,,,,,,,,,,,,,,,,,,,,,,,,,,,,,,,,,,,,,,,,,,,,,,,,,,,,,,,,,,,,,,,,,,,,,,,,,,,,,,,,,,,,,,,,,,,,,,,,,,,,,,,,,,,,,,,,,,,,,,,,,,,,,,,,,,,,,,,,,,,,,,,,,,,,,,,,,,,,,,,,,,,,,,,,,,,,,,,,,,,,,,,,,,,,,,,
,,,,,,,,,,,,,,,,,,,,,,,,,,,,,,,,,,,,,,,,,,,,,,,,,,,,,,,,,,,,,,,,,,,,,,,,,,,,,,,,,,,,,,,,,,,,,,,,,,,,,,,,,,,,,,,,,,,,,,,,,,,,,,,,,,,,,,,,,,,,,,,,,,,,,,,,,,,,,,,,,,,,,,,,,,,,,,,,,,,,,,,,,,,,,,,,,,,,,,,,,,,,,,,,,,,,,,,,,,,,,,,,,,,,,,,,,,,,,,,,,,,,,,,,,,,,,,,,,,,,,,,,,,,,,,,,,,,,,,,,,,,,,,,,,,,,,,,,,,,,,,,,,,,,,,,,,,,,,,,,,,,,,,,,,,,,,,,,,,
,,,,,,,,,,,,,,,,,,,,,,,,,,,,,,,,,,,,,,,,,,,,,,,,,,,,,,,,,,,,,,,,,,,,,,,,,,,,,,,,,,,,,,,,,,,,,,,,,,,,,,,,,,,,,,,,,,,,,,,,,,,,,,,,,,,,,,,,,,,,,,,,,,,,,,,,,,,,,,,,,,,,,,,,,,,,,,,,,,,,,,,,,,,,,,,,,,,,,,,,,,,,,,,,,,,,,,,,,,,,,,,,,,,,,,,,,,,,,,,,,,,,,,,,,,,,,,,,,,,,,,,,,,,,,,,,,,,,,,,,,,,,,,,,,,,,,,,,,,,,,,,,,,,,,,,,,,,,,,,,,,,,,,,,,,,,,,,,,,
,,,,,,,,,,,,,,,,,,,,,,,,,,,,,,,,,,,,,,,,,,,,,,,,,,,,,,,,,,,,,,,,,,,,,,,,,,,,,,,,,,,,,,,,,,,,,,,,,,,,,,,,,,,,,,,,,,,,,,,,,,,,,,,,,,,,,,,,,,,,,,,,,,,,,,,,,,,,,,,,,,,,,,,,,,,,,,,,,,,,,,,,,,,,,,,,,,,,,,,,,,,,,,,,,,,,,,,,,,,,,,,,,,,,,,,,,,,,,,,,,,,,,,,,,,,,,,,,,,,,,,,,,,,,,,,,,,,,,,,,,,,,,,,,,,,,,,,,,,,,,,,,,,,,,,,,,,,,,,,,,,,,,,,,,,,,,,,,,,
,,,,,,,,,,,,,,,,,,,,,,,,,,,,,,,,,,,,,,,,,,,,,,,,,,,,,,,,,,,,,,,,,,,,,,,,,,,,,,,,,,,,,,,,,,,,,,,,,,,,,,,,,,,,,,,,,,,,,,,,,,,,,,,,,,,,,,,,,,,,,,,,,,,,,,,,,,,,,,,,,,,,,,,,,,,,,,,,,,,,,,,,,,,,,,,,,,,,,,,,,,,,,,,,,,,,,,,,,,,,,,,,,,,,,,,,,,,,,,,,,,,,,,,,,,,,,,,,,,,,,,,,,,,,,,,,,,,,,,,,,,,,,,,,,,,,,,,,,,,,,,,,,,,,,,,,,,,,,,,,,,,,,,,,,,,,,,,,,,
,,,,,,,,,,,,,,,,,,,,,,,,,,,,,,,,,,,,,,,,,,,,,,,,,,,,,,,,,,,,,,,,,,,,,,,,,,,,,,,,,,,,,,,,,,,,,,,,,,,,,,,,,,,,,,,,,,,,,,,,,,,,,,,,,,,,,,,,,,,,,,,,,,,,,,,,,,,,,,,,,,,,,,,,,,,,,,,,,,,,,,,,,,,,,,,,,,,,,,,,,,,,,,,,,,,,,,,,,,,,,,,,,,,,,,,,,,,,,,,,,,,,,,,,,,,,,,,,,,,,,,,,,,,,,,,,,,,,,,,,,,,,,,,,,,,,,,,,,,,,,,,,,,,,,,,,,,,,,,,,,,,,,,,,,,,,,,,,,,
,,,,,,,,,,,,,,,,,,,,,,,,,,,,,,,,,,,,,,,,,,,,,,,,,,,,,,,,,,,,,,,,,,,,,,,,,,,,,,,,,,,,,,,,,,,,,,,,,,,,,,,,,,,,,,,,,,,,,,,,,,,,,,,,,,,,,,,,,,,,,,,,,,,,,,,,,,,,,,,,,,,,,,,,,,,,,,,,,,,,,,,,,,,,,,,,,,,,,,,,,,,,,,,,,,,,,,,,,,,,,,,,,,,,,,,,,,,,,,,,,,,,,,,,,,,,,,,,,,,,,,,,,,,,,,,,,,,,,,,,,,,,,,,,,,,,,,,,,,,,,,,,,,,,,,,,,,,,,,,,,,,,,,,,,,,,,,,,,,
,,,,,,,,,,,,,,,,,,,,,,,,,,,,,,,,,,,,,,,,,,,,,,,,,,,,,,,,,,,,,,,,,,,,,,,,,,,,,,,,,,,,,,,,,,,,,,,,,,,,,,,,,,,,,,,,,,,,,,,,,,,,,,,,,,,,,,,,,,,,,,,,,,,,,,,,,,,,,,,,,,,,,,,,,,,,,,,,,,,,,,,,,,,,,,,,,,,,,,,,,,,,,,,,,,,,,,,,,,,,,,,,,,,,,,,,,,,,,,,,,,,,,,,,,,,,,,,,,,,,,,,,,,,,,,,,,,,,,,,,,,,,,,,,,,,,,,,,,,,,,,,,,,,,,,,,,,,,,,,,,,,,,,,,,,,,,,,,,,
,,,,,,,,,,,,,,,,,,,,,,,,,,,,,,,,,,,,,,,,,,,,,,,,,,,,,,,,,,,,,,,,,,,,,,,,,,,,,,,,,,,,,,,,,,,,,,,,,,,,,,,,,,,,,,,,,,,,,,,,,,,,,,,,,,,,,,,,,,,,,,,,,,,,,,,,,,,,,,,,,,,,,,,,,,,,,,,,,,,,,,,,,,,,,,,,,,,,,,,,,,,,,,,,,,,,,,,,,,,,,,,,,,,,,,,,,,,,,,,,,,,,,,,,,,,,,,,,,,,,,,,,,,,,,,,,,,,,,,,,,,,,,,,,,,,,,,,,,,,,,,,,,,,,,,,,,,,,,,,,,,,,,,,,,,,,,,,,,,
,,,,,,,,,,,,,,,,,,,,,,,,,,,,,,,,,,,,,,,,,,,,,,,,,,,,,,,,,,,,,,,,,,,,,,,,,,,,,,,,,,,,,,,,,,,,,,,,,,,,,,,,,,,,,,,,,,,,,,,,,,,,,,,,,,,,,,,,,,,,,,,,,,,,,,,,,,,,,,,,,,,,,,,,,,,,,,,,,,,,,,,,,,,,,,,,,,,,,,,,,,,,,,,,,,,,,,,,,,,,,,,,,,,,,,,,,,,,,,,,,,,,,,,,,,,,,,,,,,,,,,,,,,,,,,,,,,,,,,,,,,,,,,,,,,,,,,,,,,,,,,,,,,,,,,,,,,,,,,,,,,,,,,,,,,,,,,,,,,
,,,,,,,,,,,,,,,,,,,,,,,,,,,,,,,,,,,,,,,,,,,,,,,,,,,,,,,,,,,,,,,,,,,,,,,,,,,,,,,,,,,,,,,,,,,,,,,,,,,,,,,,,,,,,,,,,,,,,,,,,,,,,,,,,,,,,,,,,,,,,,,,,,,,,,,,,,,,,,,,,,,,,,,,,,,,,,,,,,,,,,,,,,,,,,,,,,,,,,,,,,,,,,,,,,,,,,,,,,,,,,,,,,,,,,,,,,,,,,,,,,,,,,,,,,,,,,,,,,,,,,,,,,,,,,,,,,,,,,,,,,,,,,,,,,,,,,,,,,,,,,,,,,,,,,,,,,,,,,,,,,,,,,,,,,,,,,,,,,
,,,,,,,,,,,,,,,,,,,,,,,,,,,,,,,,,,,,,,,,,,,,,,,,,,,,,,,,,,,,,,,,,,,,,,,,,,,,,,,,,,,,,,,,,,,,,,,,,,,,,,,,,,,,,,,,,,,,,,,,,,,,,,,,,,,,,,,,,,,,,,,,,,,,,,,,,,,,,,,,,,,,,,,,,,,,,,,,,,,,,,,,,,,,,,,,,,,,,,,,,,,,,,,,,,,,,,,,,,,,,,,,,,,,,,,,,,,,,,,,,,,,,,,,,,,,,,,,,,,,,,,,,,,,,,,,,,,,,,,,,,,,,,,,,,,,,,,,,,,,,,,,,,,,,,,,,,,,,,,,,,,,,,,,,,,,,,,,,,
,,,,,,,,,,,,,,,,,,,,,,,,,,,,,,,,,,,,,,,,,,,,,,,,,,,,,,,,,,,,,,,,,,,,,,,,,,,,,,,,,,,,,,,,,,,,,,,,,,,,,,,,,,,,,,,,,,,,,,,,,,,,,,,,,,,,,,,,,,,,,,,,,,,,,,,,,,,,,,,,,,,,,,,,,,,,,,,,,,,,,,,,,,,,,,,,,,,,,,,,,,,,,,,,,,,,,,,,,,,,,,,,,,,,,,,,,,,,,,,,,,,,,,,,,,,,,,,,,,,,,,,,,,,,,,,,,,,,,,,,,,,,,,,,,,,,,,,,,,,,,,,,,,,,,,,,,,,,,,,,,,,,,,,,,,,,,,,,,,
,,,,,,,,,,,,,,,,,,,,,,,,,,,,,,,,,,,,,,,,,,,,,,,,,,,,,,,,,,,,,,,,,,,,,,,,,,,,,,,,,,,,,,,,,,,,,,,,,,,,,,,,,,,,,,,,,,,,,,,,,,,,,,,,,,,,,,,,,,,,,,,,,,,,,,,,,,,,,,,,,,,,,,,,,,,,,,,,,,,,,,,,,,,,,,,,,,,,,,,,,,,,,,,,,,,,,,,,,,,,,,,,,,,,,,,,,,,,,,,,,,,,,,,,,,,,,,,,,,,,,,,,,,,,,,,,,,,,,,,,,,,,,,,,,,,,,,,,,,,,,,,,,,,,,,,,,,,,,,,,,,,,,,,,,,,,,,,,,,
,,,,,,,,,,,,,,,,,,,,,,,,,,,,,,,,,,,,,,,,,,,,,,,,,,,,,,,,,,,,,,,,,,,,,,,,,,,,,,,,,,,,,,,,,,,,,,,,,,,,,,,,,,,,,,,,,,,,,,,,,,,,,,,,,,,,,,,,,,,,,,,,,,,,,,,,,,,,,,,,,,,,,,,,,,,,,,,,,,,,,,,,,,,,,,,,,,,,,,,,,,,,,,,,,,,,,,,,,,,,,,,,,,,,,,,,,,,,,,,,,,,,,,,,,,,,,,,,,,,,,,,,,,,,,,,,,,,,,,,,,,,,,,,,,,,,,,,,,,,,,,,,,,,,,,,,,,,,,,,,,,,,,,,,,,,,,,,,,,
,,,,,,,,,,,,,,,,,,,,,,,,,,,,,,,,,,,,,,,,,,,,,,,,,,,,,,,,,,,,,,,,,,,,,,,,,,,,,,,,,,,,,,,,,,,,,,,,,,,,,,,,,,,,,,,,,,,,,,,,,,,,,,,,,,,,,,,,,,,,,,,,,,,,,,,,,,,,,,,,,,,,,,,,,,,,,,,,,,,,,,,,,,,,,,,,,,,,,,,,,,,,,,,,,,,,,,,,,,,,,,,,,,,,,,,,,,,,,,,,,,,,,,,,,,,,,,,,,,,,,,,,,,,,,,,,,,,,,,,,,,,,,,,,,,,,,,,,,,,,,,,,,,,,,,,,,,,,,,,,,,,,,,,,,,,,,,,,,,
,,,,,,,,,,,,,,,,,,,,,,,,,,,,,,,,,,,,,,,,,,,,,,,,,,,,,,,,,,,,,,,,,,,,,,,,,,,,,,,,,,,,,,,,,,,,,,,,,,,,,,,,,,,,,,,,,,,,,,,,,,,,,,,,,,,,,,,,,,,,,,,,,,,,,,,,,,,,,,,,,,,,,,,,,,,,,,,,,,,,,,,,,,,,,,,,,,,,,,,,,,,,,,,,,,,,,,,,,,,,,,,,,,,,,,,,,,,,,,,,,,,,,,,,,,,,,,,,,,,,,,,,,,,,,,,,,,,,,,,,,,,,,,,,,,,,,,,,,,,,,,,,,,,,,,,,,,,,,,,,,,,,,,,,,,,,,,,,,,
,,,,,,,,,,,,,,,,,,,,,,,,,,,,,,,,,,,,,,,,,,,,,,,,,,,,,,,,,,,,,,,,,,,,,,,,,,,,,,,,,,,,,,,,,,,,,,,,,,,,,,,,,,,,,,,,,,,,,,,,,,,,,,,,,,,,,,,,,,,,,,,,,,,,,,,,,,,,,,,,,,,,,,,,,,,,,,,,,,,,,,,,,,,,,,,,,,,,,,,,,,,,,,,,,,,,,,,,,,,,,,,,,,,,,,,,,,,,,,,,,,,,,,,,,,,,,,,,,,,,,,,,,,,,,,,,,,,,,,,,,,,,,,,,,,,,,,,,,,,,,,,,,,,,,,,,,,,,,,,,,,,,,,,,,,,,,,,,,,
,,,,,,,,,,,,,,,,,,,,,,,,,,,,,,,,,,,,,,,,,,,,,,,,,,,,,,,,,,,,,,,,,,,,,,,,,,,,,,,,,,,,,,,,,,,,,,,,,,,,,,,,,,,,,,,,,,,,,,,,,,,,,,,,,,,,,,,,,,,,,,,,,,,,,,,,,,,,,,,,,,,,,,,,,,,,,,,,,,,,,,,,,,,,,,,,,,,,,,,,,,,,,,,,,,,,,,,,,,,,,,,,,,,,,,,,,,,,,,,,,,,,,,,,,,,,,,,,,,,,,,,,,,,,,,,,,,,,,,,,,,,,,,,,,,,,,,,,,,,,,,,,,,,,,,,,,,,,,,,,,,,,,,,,,,,,,,,,,,
,,,,,,,,,,,,,,,,,,,,,,,,,,,,,,,,,,,,,,,,,,,,,,,,,,,,,,,,,,,,,,,,,,,,,,,,,,,,,,,,,,,,,,,,,,,,,,,,,,,,,,,,,,,,,,,,,,,,,,,,,,,,,,,,,,,,,,,,,,,,,,,,,,,,,,,,,,,,,,,,,,,,,,,,,,,,,,,,,,,,,,,,,,,,,,,,,,,,,,,,,,,,,,,,,,,,,,,,,,,,,,,,,,,,,,,,,,,,,,,,,,,,,,,,,,,,,,,,,,,,,,,,,,,,,,,,,,,,,,,,,,,,,,,,,,,,,,,,,,,,,,,,,,,,,,,,,,,,,,,,,,,,,,,,,,,,,,,,,,
,,,,,,,,,,,,,,,,,,,,,,,,,,,,,,,,,,,,,,,,,,,,,,,,,,,,,,,,,,,,,,,,,,,,,,,,,,,,,,,,,,,,,,,,,,,,,,,,,,,,,,,,,,,,,,,,,,,,,,,,,,,,,,,,,,,,,,,,,,,,,,,,,,,,,,,,,,,,,,,,,,,,,,,,,,,,,,,,,,,,,,,,,,,,,,,,,,,,,,,,,,,,,,,,,,,,,,,,,,,,,,,,,,,,,,,,,,,,,,,,,,,,,,,,,,,,,,,,,,,,,,,,,,,,,,,,,,,,,,,,,,,,,,,,,,,,,,,,,,,,,,,,,,,,,,,,,,,,,,,,,,,,,,,,,,,,,,,,,,
